feature_1,feature_2,feature_3,feature_4,target
0.926039451070441,-0.5777016263916799,0.30278171961628475,-1.1750989641820255,2
-0.9240798162710828,-2.054279763470437,-1.8951656869155256,-3.0909505543265583,0
1.9373809850673247,-1.717886785182431,-2.493708877348826,-1.5966265959579167,1
-2.905054789780892,-3.737446511877998,-3.303344252977129,-1.2121818353684362,0
3.635823319131941,-1.5346515565925705,-3.2885041379345226,-0.27183651723172253,1
1.1996743885533352,-1.5454645046806617,-1.5992254062382394,-2.213717940852843,1
0.7097154998099928,-0.9965716583473436,0.6104787041105624,-1.3010341225130309,2
-4.5754718739575955,-4.076233875069062,-2.264833377282564,-0.3547894325514547,0
1.7385452730170259,-2.1595027341790503,-1.5788299111633477,-2.269122782852116,1
-1.8002899732862074,-0.862766536500839,-1.66748242253714,-1.9308463918973078,0
-1.3616596589714822,-0.9679651059964927,-1.66071831126169,-2.332222846487355,0
0.3292866033388615,-2.3953055933708254,3.824312098902226,-4.140532996127348,2
-1.5946608265463602,-1.356643093520423,-1.5373056558330487,-2.3429587287745455,0
0.04365098891529695,-2.6568737210560185,3.575812860150548,-3.55043484464994,2
2.8566165094136764,-2.4639286855932476,2.2356918190924406,-1.647198639206086,2
-2.110290188960852,-2.5185797726035366,-1.7439522216930339,-2.2638036738344245,0
1.8018412064534797,-2.0761333107806617,-1.081947419504858,-1.83374348818961,1
1.6252798747719601,-2.075052834771173,-1.9812252943297728,-2.490778518328316,1
1.9860700273145202,-2.3475024774912416,-2.3746343034990423,-2.8659300166883828,1
-2.163145327144665,-2.1536934789823463,-2.687909987581061,-1.5648401927127233,0
-0.14265688397578247,-1.6401086781748817,-1.3408674683404607,-3.1602743527253123,1
2.491607068647833,-3.1524944112585063,3.538155977803102,-2.9045333584165722,2
1.9481872182011988,-1.7818027392195248,-1.0280960315029966,-1.311024621490517,1
3.967991689445226,-4.047093282241228,3.263806524510559,-1.2299684523477046,2
1.3308695005582067,-2.3805386834801805,-1.7365457033043579,-1.499597655722867,1
3.5797133632494633,-2.2608802760547446,-3.057702326504326,-1.6640008985686252,1
1.2773544010536555,-0.5003614242708163,1.3900081257028076,-3.012462726941296,2
3.733888711863975,-3.4420722292747614,1.5889545204374806,0.5337205805878069,2
-1.6342593702344321,0.02066870312735336,-1.026962574018235,-1.9982288310334961,0
-1.4368007824375377,-0.9810254143142412,-1.3127074484533954,-2.462379540744869,0
2.5564695015616326,-3.1998357242818227,-0.7662767126595222,-2.3539204862510283,1
1.0625766995423578,-1.416827649260418,1.4721325757511707,-1.9869424615283184,2
1.6520287253320474,-2.8755368209335805,3.443562813655041,-3.068513588657442,2
2.669728009753327,-3.050801212762435,3.0739307496765376,-2.301971581865107,2
0.7768907937528984,-2.9012494921367318,2.7696437153080384,-2.122309290097028,2
-1.632934464497144,-2.1081792590857216,-1.6431010295532023,-2.577254352059122,0
2.638377676744387,-2.318776494607517,-1.381561742174131,-1.7863377337539679,1
-3.393629884857866,-3.0553724580317008,-2.0339764123686948,-1.1559547068339362,0
3.373792379623757,-4.527953217341851,2.6728247427041505,0.13286775021306862,2
-0.4907698086817316,-1.1835418581073636,0.8312514858030151,-1.4166392420382967,2
5.302565124210798,-1.0423568924752042,-0.25522577083999387,0.3609691596565998,2
-2.311404233741816,-3.461137563867915,-1.8981551791758418,-2.3630877439913096,0
-3.309409633708257,-1.6823444564003096,-1.7310531658462942,-0.7906831324871781,0
3.694160781469349,-2.5539630165326255,2.3421352978130665,-1.6284816776212003,2
2.3196851705146897,-3.8900674875931793,-1.0877016494859832,-3.663661745349347,1
1.569848274655115,-1.9618647846852328,-2.431415285145538,-2.901554272034888,1
2.475609679451438,-2.6501107869480025,-2.1812331384699926,-2.650276088141175,1
1.352281774661666,-3.8076518172175247,3.084262456636052,-1.4544628256328553,2
-3.37008890241926,-3.1218461921796137,-3.3654684816244793,-0.5254056057654961,0
0.6486092326062318,-0.48224692941746783,1.7505440458455508,-3.6130257114210864,2
3.44909768611338,-2.9360819427444276,2.3810448857181092,-1.2486265768731575,2
3.674114235114069,-2.571861300247174,-3.0644459626183767,-1.8200856340083236,1
3.8370712134188514,-3.703138936657689,2.7643661664531285,-0.7894881023531259,2
1.402577086392367,-2.104531144451229,-1.4897975139734612,-1.814253867399083,1
-0.6507638120470782,-0.10348933476142386,-0.953305806826108,-2.9907711564377455,0
-3.8289595143210056,-3.2183528116466182,-2.184637209296658,-0.7220500325699757,0
3.060883583118179,-3.1489920659685993,2.9114685993210747,-1.8952206561297522,2
-2.5454220919439465,-1.82033868592795,-1.354244935870042,-1.7823982598214254,0
3.248405115984101,-2.214544391389458,-2.7112676415127317,-1.6882228512448876,1
1.5855923463809536,-2.869332442144695,-0.4526103081326105,-2.8651943515874083,1
1.3039175100431095,-1.831401722399722,1.5617868618248765,-1.512855251769107,2
1.1539874092849052,-2.7771496331595475,2.9078206376454587,-2.3059895240930994,2
5.741927484380662,-1.2161308982014143,0.29946286745863815,-0.2792865283563244,2
3.457631310532358,-1.8147986471716673,-2.373391983710282,-1.0030316523595368,1
0.6770322710316115,-1.2242645114229314,0.99096193395996,-1.5114677891080313,2
3.9241513992829122,-1.939658097023522,1.3631234746394307,-1.0829359048297653,2
2.2154725729692095,-2.366905728852444,-2.736260544000909,-2.6362636679532816,1
1.9397885264245986,-0.8838699778716752,-4.054299146153282,-1.110169087380673,1
1.9197540942346465,-1.0722785667379484,0.867567924071772,-1.5670349976928595,2
-2.73724431925421,-3.5054741777195932,-2.1211990047078295,-1.8498803848286913,0
-0.5827455929526413,-0.13062310449185888,-1.3365916934929667,-2.8815808060020967,0
-1.22068374605047,-1.0865055660404197,-1.5440624557112963,-2.5904909550148103,0
2.7282258910327473,-2.7218870057830573,2.5043154701844537,-1.7738721064966039,2
-2.9548538143113445,-2.702411500918779,-2.3037519359451233,-1.252951227241109,0
-1.779960986079519,-0.7356336542809452,-1.9979211129001204,-1.651079547993977,0
1.26837164405284,-1.2796934253280519,-1.8357093037249628,-2.2435902946429387,1
1.8332478874696796,-1.411590661457462,-2.5193458327662084,-2.0551135813972885,1
2.09742763419585,-1.668035004109187,-3.1961356664943015,-2.5335892278136103,1
2.719350345333812,-2.0474631367446965,-2.8494970081796533,-1.6358757968316182,1
-3.601744205560408,-2.839364605778134,-2.4225921635831167,-0.643350930496279,0
1.20245332640225,-2.500418368838931,-1.611484286418126,-2.3964208806714433,1
1.4920628442966128,-1.0298547235231659,1.6980638293552512,-2.8346681106595955,2
2.6192944187631975,-2.122907838655046,1.475855155033172,-0.9130267928515401,2
3.8332088112924994,-1.9938231076809148,1.6477419710880186,-1.3214563897021687,2
-0.23766403771158107,-0.5074646923671873,-0.9518012842633761,-3.5058421696785476,0
1.9714481558064108,-2.096245449617952,2.340141979433056,-2.503560718368878,0
-1.240141666638964,-2.7124062073241295,-3.1626550553157102,-2.431122814986783,0
3.021718458401061,-0.832845862095783,-2.9000259363658243,-0.5285313280083366,1
1.5752651439565981,-2.7476880248033133,-1.820205540119899,-3.7422165092703716,1
3.1572852521067594,-2.0321447000559,-3.2710915741862987,-1.6510527560258361,1
0.6768948811292206,-3.9941338326332243,4.389696901825605,-3.1257755304581805,2
2.618176463546905,-2.6754401266266212,-0.9207481554609,-1.7606262417138678,1
-0.02179515235914664,-1.531688196070159,-0.8499014757903431,-2.648411419007137,1
1.3429014089343587,-1.6979523625153734,-2.9654627903888775,-1.9431318849520356,1
3.128577797821918,-3.7741094961887196,2.4951575555648904,-0.5325725763833558,2
3.383515447007537,-2.1660902050294077,-2.4416297243207454,-1.9832055550581948,1
-1.6486779486264425,-1.4338435290019325,-2.7531851457144665,-1.7327898060182134,0
3.910184447254548,-2.1479538635490245,-2.982336003720387,-0.6726862956411341,1
3.824534368847059,-1.9552331884777223,-2.987860842684944,-1.4162524849000127,1
1.3351242409677746,-3.35418648782701,3.3409640081218264,-2.338585925732981,2
-1.2953674267350654,-2.9744941299753425,-2.9788744049704405,-2.583689056912629,0
1.0075182727730703,-2.0962291881505317,1.055234726791988,-0.4994282289043981,2
0.4648919168149257,-3.798055985651035,2.7691326844853603,-1.0684036335808127,2
-2.0355611974477745,-1.344651262083696,-0.9339506263555446,-2.2443210387044634,0
-2.442907096458776,-3.8323368752739846,-2.4701022907644563,-2.1247936140340853,0
-1.6929770663879409,-2.5488703587279575,-2.000216586882596,-2.4990422009633213,0
-1.0336085770691024,-3.1333765865145944,-3.543749463209095,-2.5889808263086853,0
0.6218396670495197,-0.8029700057206228,-2.136072488335241,-1.5310548921854317,1
1.8892676414499914,-2.1269521172137997,2.1013644361658375,-2.0589547373639436,2
3.2114377583327745,-0.37132287084086424,-5.02307566004526,-0.3580496534126316,1
-3.7259719360636536,-2.870056232734359,-2.23568781789202,-0.614221059470591,0
0.4464939299653623,-0.9989060194342323,0.9578731407534857,-1.6327875305951502,2
0.8137777738675851,0.4773271241498378,-1.220609535209416,-3.9309259778964734,1
-0.6431587549803728,-0.7850325147862356,-0.9534542198790155,-3.2655239926803095,0
-0.22202970082358697,-1.7638720942877038,-2.043011311482361,-3.534063441129471,0
-2.0519587392857357,-1.5948388210903763,-1.838497111843897,-1.8754238430006378,0
-0.1937549888118546,-0.7232024385148104,-0.9738894587873095,-3.6968229126805605,0
-2.815025254623202,-3.6289672003703446,-2.836324039204951,-1.4642394749054364,0
4.563673119348261,-2.167577017981727,-2.207839164489681,-0.021153919883650785,1
0.9278985027463713,-1.355077496313181,-2.752224378317259,-1.9221213334433604,1
-0.17221368339011,-1.3910244856974372,-2.159402985572128,-3.343570161049695,0
-3.1102457212783516,-1.4116556658393065,-0.8029276292706224,-1.3313499097278907,0
-1.480931570676686,-3.3225782435363236,-3.507759064970773,-2.324659175122053,0
2.9158563698186444,-2.45423843805938,-2.545991456498477,-1.8394469699684257,1
3.9268773064888207,-3.0994406012835167,1.430439064304716,0.2634804845184928,2
0.5286383187572232,-0.6486422439962805,2.3760592125181073,-4.192076162958603,2
3.0077861077404955,-3.1705734588129775,3.395936744373649,-2.530574367256766,2
2.2035205920788608,-2.2949384307745397,-1.5005782732611455,-2.5531461343300217,1
-1.9098749693621881,-2.266537885783657,-1.575636010032644,-2.4019780024375903,0
2.569880053804665,-3.901353163018618,2.6368699315014026,-0.5860737296183212,2
2.1161811073705787,-1.1943300185496435,-2.717246976758097,-0.8842287926318955,1
2.800918925449041,-2.3672120362596347,-2.023251986786285,-2.196941975913762,1
1.8010320163671016,-1.5868018475169894,-2.3596705377352967,-1.8500559043781304,1
0.3619476588016317,-1.822487498943928,-2.150100171566511,-3.0148352089212334,1
2.8271447538208205,0.011205684181117004,-0.23655416040613098,-1.202489264579623,2
-2.9694970782363566,-3.5427289740279733,-2.7481899927199733,-1.379533312603706,0
2.0861407177809026,-2.448188185900802,-3.1637909429652638,-2.9751275111161686,1
1.3427738748063551,-1.0703550110255704,1.6587700099956135,-2.644651670810254,2
4.388180039985252,-1.5335387355818138,-3.10571275073476,-0.48555850053727556,1
1.6394207663189535,-2.5236756348396745,-1.6877427221887202,-2.4858019292327516,1
2.239508572048196,-1.1183258094563175,-3.2552422099754375,-0.6662787684123905,1
3.107338872501418,-4.6946221064381675,3.839185877911657,-1.368973181619396,2
-4.140194001971087,-2.5630143516687975,-1.59099989624672,-0.45749576073230336,0
-3.340628159172505,-2.6222657835841954,-2.332340441399612,-0.8274625066634285,0
0.5235354237270624,-0.4437175166345475,1.310724533705919,-2.9432941656398683,2
-1.2008401718594615,-1.5441321173687763,-2.1084145212795766,-2.4887910305791086,0
0.891449274253109,-1.225685421806987,0.9762135764214535,-1.491900487088326,2
-0.041823127830062035,-1.6032852882633377,-2.375591086795528,-3.4974899914205593,0
-2.3682846181380324,-3.0237881605442514,-1.9488525209808576,-2.1175894523537604,0
-1.7199229062555916,-1.7511177899686157,-1.6602278037166789,-2.3237039457009825,0
1.287532203419934,0.8417190011765916,0.2663921867249488,-2.9956155999876515,2
1.3139183504299958,-0.055564514183482405,-0.26691562709504124,-0.9390720266060422,2
0.2541759145479441,-2.437049630980725,-1.346274140931135,-2.60014145012447,1
-3.0632068560242516,-2.898609369250954,-2.8703184068408087,-0.9419046508053921,0
-1.7591743769019212,-0.3670318735810767,-1.2310173788226786,-1.9156990704305898,0
3.0260731694034955,-1.9482299955245115,-1.1199853505246464,-1.190858478383041,1
1.5089861297671843,-2.1616637098508393,3.2238745001069375,-3.487118917700305,2
-3.490186040705585,-1.7971313170962369,-1.9058405362486355,-0.5871538457431058,0
4.730929520711629,-4.1027216195424625,3.72468372216359,-1.7308812401722293,2
2.5423503483335455,-3.272978428772871,-1.1997435199542152,-2.2510456897510833,1
1.987407685188514,-0.7233765666936998,1.0955056168950068,-2.2591783548247064,2
3.1214676971525184,-3.54026834800454,2.177633868254859,-0.3393876550645296,2
1.2194169127733088,-0.6214105383824433,0.9546290877100985,-2.2681060534663056,2
-3.011264050185306,-1.9278136938780397,-1.7871846781361311,-1.1365246443513182,0
-1.6692394608700036,-1.6646765939972223,-0.8713092122510924,-3.3429047407423207,1
1.8495123473116195,-1.6587519946411222,-2.3452565067685414,-1.6381766653960832,1
-1.046118179503352,-2.1352764645624687,-1.564417864205004,-3.1668153798590137,0
-2.2997873907041217,-1.8313501997996082,-1.3994234918392083,-1.9605594597339608,0
-2.7193449849946547,-3.5613770701642835,-2.7768409167800496,-1.5968774478316226,0
0.3596045354383397,-2.7992451713595594,2.6358141216210407,-1.9828458281227437,2
0.8063175074172355,-1.8384006420475265,-2.9955642396589237,-3.093643651308003,1
-1.4481544915670956,0.5364915854496197,-0.8065523279976137,-2.053689698020499,0
1.8148241111633925,-3.341239318856025,3.4260320334408023,-2.3979471169385524,2
2.7079269448872436,-2.063646641994625,-1.105007779902973,-1.8153204015616167,1
3.1119558598323818,-1.5967040272289035,-2.67885442106533,-0.5680886462026822,1
-2.877806462072791,-2.315651472374752,-2.393697472314393,-1.088879859255945,0
1.134567794125961,-2.5076524523804737,-1.344141266730876,-3.4427209294943744,1
1.6355878640217056,-2.1073566984258596,-1.6196777837593344,-2.1535810254570493,1
1.297672688663154,-1.9769928879179766,0.19508615575141897,0.7649717551809694,2
3.4819991153443484,-2.655193952469876,2.922089260045193,-2.402405279191651,2
-4.081114299223703,-0.8560193395366811,-0.5420446770218961,-0.31894511972021156,0
-2.3457798977392526,-1.6875862030790398,-1.463516401751229,-1.8376291599470296,0
-2.5422115522391397,-2.0259897496065444,-1.900158780804397,-1.5642321247207245,0
2.858766966320183,-3.4081145405484525,3.0011034179942015,-1.6331218377635892,2
1.875662078790906,-1.9182655003672382,-1.4857709773351437,-1.359116945313414,1
-3.697401033455786,-3.439075989445768,-2.4155470443089038,-0.7695247299655334,0
3.0890543539431428,-1.5100410301100184,0.8513700853326074,-0.9010664867625513,2
2.228046018307014,-1.9179041771180678,1.9678724677365356,-2.051993819807587,2
-2.199453334451487,-2.744588754893283,-2.9663484258386306,-1.6292369947477503,0
0.8716666667810786,-2.2023136295281183,3.3880062352855735,-3.9058233268545575,2
1.7836368117435346,-1.5042117250071123,-2.7020315111752202,-1.3438335329722801,1
1.6441710733973829,-1.2314228463209618,-1.597348209636896,-1.4748391894772048,1
1.850789188869633,-1.1402824217136374,-2.542334698906055,-1.3339837457267045,1
-4.2510749489252,-2.4982879542077745,-2.378646134351973,0.08016510654970244,0
-0.9815453758973309,-1.222057966834234,-1.3708795273883574,-2.9528237118222815,0
-1.1550255958589384,-1.6166959040467335,-2.176912371623797,-2.525214955257307,0
5.1235587902342665,-1.0225775780724873,-2.8885282944749657,0.36496412877640294,1
3.868093709591868,-2.628397987510958,2.719676388586593,-2.110220540993497,2
1.9198703411246103,-2.4638541331486215,2.7613214558124217,-2.501885859966124,2
1.0875231216179224,-1.8493427119644135,-1.3423388302933716,-2.4823220769572227,1
2.9455961780801587,-4.60505802854391,3.590616178869128,-1.0854789875232185,2
1.201616317837248,-3.6462305129316386,3.4418128371156165,-2.1526589599987895,2
-4.191608518984159,-4.180907387127931,-3.05429361308035,-0.3370468475699788,0
0.10709609962023348,-1.266161871117127,-2.7664978389173354,-2.1404844647564016,1
2.5691418146660214,-2.281806099451194,1.692705727338529,-1.0945743616076797,2
-1.2276607402777147,-2.384690912403109,-2.290342257164102,-2.719363316419999,0
-0.9102641706886054,0.4641888565898431,-0.5967201307812302,-2.695466563758975,0
2.022232326167361,0.896338626083534,-1.5799333746704334,-0.15738904714996815,2
0.9426418766749882,-0.855760426475431,-3.5222288013039496,-1.4387400503568948,1
-3.083220003081149,-2.285131643191157,-2.074995249556943,-1.0912262372699502,0
-4.229892552052359,-2.576952777526174,-1.7232136019115512,-0.3210466564544494,0
0.9823708243575984,-1.3450035457287348,2.0355085948480593,-2.944750216919695,2
-0.13464980435703788,-3.999429365833293,2.245372328365476,-0.03662012394047709,2
-1.574848116336859,-0.8031717544674708,1.0232621517672795,-2.254323379527639,2
-1.7511651864979867,-3.0661865638489587,-2.699827550713636,-2.3328334255088015,0
0.19250970611074303,-0.34861416378792875,-1.786409390355514,-3.4822761899522874,0
3.313286590212485,-1.3030854377220744,-2.815806721415841,-0.49468866510872256,1
0.8813122878760049,-0.11889065826707235,0.9297650347816058,-2.700113231622086,2
0.7944190756411873,-1.6129364045738404,2.659888787026887,-3.5526713708506623,2
2.6641243146030336,-2.127956862700096,-1.8309744404496182,-1.6658080127902806,1
-2.7925721829736943,-3.1591562875987553,-2.5948876660945,-1.4442077375381968,0
0.9362877493889097,-1.7239093113500439,2.4022155969404415,-3.0506765547955825,2
2.01648768192693,-2.4344849435377047,-1.4219963670187092,-1.7165705508450835,1
3.3842098188939573,-3.6261664079493627,-0.49300101070953306,-2.6492955102826343,1
2.750457374098378,-2.2110247121600874,-2.0054535724798415,-1.6422189487837615,1
1.451748643315461,-1.0488389657823007,0.8932983051659296,-1.6584100496443797,2
2.716303451824646,-1.8053384156812617,-2.2967275576899504,-0.9877495483978584,1
1.284464151688561,-1.180063746798301,1.5502064629344685,-2.281808302683597,2
0.6081908467460231,1.2585541220364251,-0.3151010283519957,-3.917108725931025,0
-0.5409517058444708,-1.9480725596622896,-3.0553893078834777,-2.7996536246142414,0
-1.157142513241582,-0.5989964767236029,-2.14781837949795,-2.094722868241262,0
1.564176152550578,0.4545564506716042,-0.08481645412358851,-1.9640336060848569,2
3.174851682442767,-2.4547872756119156,2.3037314845543633,-1.8040427356244568,2
3.4407660386259935,-2.7175157789597666,-0.6849821445364952,-1.8330261357122728,1
0.18701269081903282,-2.2222917632762873,2.092223482950268,-1.9363335309724945,2
3.085796358071928,-3.941325486918304,2.7541053413670404,-0.7395095974837018,2
3.0374628949618643,-3.8560260392100627,3.167828859349277,-1.3391263677158072,2
2.2506123372103883,-2.305228403913816,1.9102024595379923,-1.4986640794391206,2
2.370061046329183,-1.1619222596136016,1.3155095614142147,-1.99886166802159,2
2.914791205519446,-1.5724456234190818,1.346380348998232,-1.5514740319848217,2
-4.289037743085268,-3.3309417108161403,-1.8002863267744709,-0.5111654378616404,0
-2.504782470867708,-0.41884889381752477,1.0977395947869377,-2.9754055177861454,2
1.236444925789633,-4.339251868155662,4.6621735033581775,-3.147197951570417,2
-0.9272658011755581,-1.7345588907565106,2.2280564506452043,-2.856553442591614,2
1.3205039051073673,-0.8742821791391604,0.99844308839298,-1.9348049323407022,2
-3.015427022568181,-2.9327173268522833,-2.1364419921091358,-1.4152952396233593,0
-0.24717944686832238,-0.07421329945935917,-1.34654394594694,-3.1923982066710934,0
-1.8795296903752767,-3.6648244465881983,-2.772648387798644,-2.390547850901517,0
3.0165784845832957,-3.8211308718509125,3.9316722325344458,-2.472702508499273,2
0.8152859788698452,-0.40576671526197083,0.5977151069931517,-2.0770305763850487,2
4.653366813507336,-0.8207336840618766,0.7324475533612178,-1.4760532920803324,2
0.3985388965844603,1.4053236489425016,-0.839957676523799,-3.3942744068085764,0
0.11936549795838802,-2.208381426360956,-2.5909124674180983,-3.785879010016023,0
2.2959618024051416,-2.7179891512240486,3.0477971248670532,-2.6416912823880225,2
-3.2733410609931557,-2.5261857327269697,-2.480986782081564,-0.7861759852015044,0
-4.354270622223394,-3.2138566824667043,-2.0355810581100755,-0.2657016979481315,0
0.48854764904923553,-1.132932743547086,-1.393961947528247,-2.050834706177097,1
1.1251719453907143,-1.6291290301909354,-2.1306659066403197,-2.2342606204894215,1
-0.7916863343735314,-1.7294104166729531,2.7780426749244547,-3.7214595889583855,2
2.1337878787940436,-1.963954269436933,-0.9122206424267272,-1.526775582156761,1
-2.8392186228341014,-1.8814931263124715,-1.514832487322594,-1.3922808210742545,0
2.5841376279790573,-2.3039051597170994,3.2962841989881957,-3.5593235484571837,2
-1.2321459213182375,-0.7899427912636876,-1.5075912637767233,-2.486112585477138,0
0.14507019972937174,-2.7973868822079244,0.279533960018274,-3.549710385821537,1
0.4108110418131352,-1.9651600244187826,-1.8273186697055464,-2.8794641152226883,1
-3.2326057325461535,-2.7292325379661238,-2.719934621632424,-0.7424486741793348,0
1.32157069337573,-3.946192836550745,3.565597712567287,-2.0553301908743165,2
2.27013544929584,-3.012100517059795,-0.7439183546945698,-2.031278248710068,1
-0.10398414320115545,-2.431438366234693,1.1074500362686828,-0.31208739541331787,2
-2.1101980978637176,-0.35667606920705164,-1.4093585331676957,-1.4701704641710744,0
-2.177365241049904,-2.6239922585381605,-2.4441765455976965,-1.8922953005852639,0
-1.501610236725932,0.8594668961304159,-0.7260652147495339,-1.9026237685898146,0
3.1638749065256557,-1.8364573245840732,1.5831034880607828,-1.4784761346462727,2
-4.380990675255793,-2.6248586604064053,-1.7530519932942203,-0.1673474026094306,0
-1.2954931149975892,-1.0128558187355816,-1.3595202325893805,-2.6017677716382215,0
0.9684918803467055,-1.779230709413549,-1.8563843959168767,-2.271434411246538,1
2.0296108649420166,0.5254390005412772,0.8224189394608219,-3.287205362700454,2
3.2949345580467106,-2.8889751350681636,-1.8172098872888836,-1.3781037021533855,1
2.9968081435556826,-3.9368896582609354,2.3077724242431326,-0.09516044029556348,2
2.1350600429645423,-2.794309033598708,3.267491944275089,-2.854952323553716,2
-1.5648977946285019,-2.9227792437992233,-2.9453815014215374,-2.353705060461628,0
2.8642055408646216,-2.541558249084499,3.286866852060703,-3.081187658918029,2
0.9559335787535272,-2.636240935682727,-0.5426982723501668,-3.0729875392006405,1
0.8458928977996827,-1.9032573610376502,-1.8105854907500158,-2.5617417019840953,1
1.8349751385858122,-1.7424670943358411,-2.0212801982274593,-2.0735421479180567,1
-1.4783247494666918,-0.6295577024709433,-0.8876516287925775,-2.4520202528653243,0
1.1858394484186965,-0.2571033950685855,1.0820664754964993,-2.8291581265750976,2
-3.758638257504572,-1.8242882597000958,-1.6155632170133614,-0.4697382494573381,0
-1.6251493076541383,-0.7578385324989085,-0.7352424217995168,-2.4875328317165906,0
1.582751075430667,-2.7122215833217114,3.6398719773362505,-3.4426964317349587,2
3.5507149835374228,-3.5812371214329923,2.449326901138271,-0.6742341932158256,2
-4.499316650043031,-2.858410730784201,-2.279817630022589,0.09027160564427161,0
1.3247652643453258,-3.885137876354646,2.8171011898150216,-1.0078648569594864,2
-0.8480931874301785,-0.3932670284602646,-1.5320165366027716,-2.628103142280212,0
6.057284464739224,-1.983435834496909,0.5612424385023325,0.3256087301297512,2
1.0711984751949917,-2.290060738839847,0.9694844560723299,-0.22609856581642007,2
-1.1478872242258202,-0.9740903868623696,-2.1201444409936583,-2.287840459610821,0
1.9271670844086857,-3.1499049898559974,2.0595596395002818,-0.6663573688744917,2
-2.9628356344723246,-1.9498025130581462,-1.4473915494768728,-1.3487531909285209,0
-2.1160613963004957,-0.6397356563772592,-0.8082263903353424,-1.9161673484405417,0
1.1249138487682404,-4.572193516679153,4.779681087165933,-2.8759271214921664,2
0.5325242809409554,-1.5292403439718911,-2.6871639424734868,-3.8312554201788958,0
-2.1745234607727832,-2.580294047861748,-2.3823777928566194,-1.885657675482049,0
2.74548558422756,-3.5047068354648205,2.8001337190434046,-1.4247808943094826,2
0.33500673570349093,-3.4835623739927675,0.3261804476219492,-3.9909281204835145,1
3.42802963103448,-2.915193073715787,2.2744375113754787,-1.2112677731772123,2
0.1929510457899104,-2.05497261436335,2.9203546258728115,-3.3334249806748613,2
1.9053699706741283,-1.317725684545944,-2.6955446640562553,-1.4981845266668126,1
1.6714699851588692,-2.577675568859325,-0.6266186164473195,-2.105526594631872,1
-0.26981183474068704,-2.370867132626445,-0.5143925736447688,-3.4754961790404546,1
3.6694129323083216,-1.447798928970164,2.0628925491747396,-2.636779517657896,2
1.206204710754589,-0.7642223571011795,0.03171758889294196,-0.6543182420781142,2
-2.1000322599503076,-2.8788212367823887,-3.398220142692879,-1.5521524412377197,0
1.6865139913304426,-2.6188183116628894,-0.5470366188574836,-2.906863712970194,1
2.5790100704890766,0.6705500840922825,-0.7407962485699864,-1.3163546507267845,2
3.747379217903374,-3.1123894447968574,2.5176806774627316,-1.5112995138155985,2
2.7075065957324678,-0.5967242850543515,-2.956601698078418,0.05081798776087343,1
-0.7080188466813488,-1.5167440357607225,-1.773827614661016,-3.141487657658395,0
-2.103834041192288,-0.8660052310779669,-1.4524106345026573,-1.6644344152923565,0
-1.266557204469636,-2.480397394491607,-2.965682517028024,-2.4158369390419954,0
2.7661011858489974,-4.195111883876876,5.625178969498693,-4.625534148137696,2
3.788724168864891,-2.9320499823054207,2.672160583169564,-1.6977872012900441,2
-1.9917722750440157,-1.6741625660587764,-2.158982890718338,-1.7631179011483593,0
-1.0376897765672066,-0.950707552442785,-1.9043501238145772,-2.52444329854489,0
1.4325670885559119,-2.803855822562379,-1.8511013630940738,-2.788262976463491,1
1.3165429223922098,-1.64655098585927,1.245973694742477,-1.3939264146544366,2
-2.530591110536308,-2.0162068894006606,-2.0004340629090063,-1.5026094806073165,0
0.7374524084942289,-0.28174503406517104,0.8917361949054885,-2.507169817394096,2
-0.29946559082074997,-2.5835314867668333,-2.557979007161848,-3.5743117243230715,0
1.7175933038320128,-1.372255211863448,-1.5909416920350195,-1.093653739488206,1
5.217660332898408,-1.8541464799272536,-3.772204462431027,-0.5059987798224068,1
-2.949576789501008,0.497311679013861,-0.10230275358050211,-1.0558215201500887,0
-2.3565665721560265,-1.9080892716114433,-1.148978916757447,-2.0773532378654607,0
3.121696671896698,-2.4258821598016813,-2.5571274734267373,-2.4743418143150864,1
-1.372773174846063,-1.229525518532042,-1.0817466024266418,-2.776155839870269,0
1.642366761814873,-3.1985157731388902,3.3695846279202737,-2.512294619385884,2
-1.3518737518334825,-0.8375301017369874,-1.3920001908889885,-2.4043269290919254,0
1.8039709348668762,-2.8312343072372377,3.854041102338786,-3.6976021114628734,2
-1.8261235893786678,-2.1875285287665034,-2.3140576447799157,-2.066469378465634,0
1.746187100006369,-1.3396455140762966,2.793804786522495,-3.939721530158612,2
0.39840809856731485,-1.4360076583441006,2.1812712591502286,-3.0133456187509795,2
-5.027381625188115,-3.993939889364862,-2.267134767974285,0.12206419822601688,0
1.3476085675757563,-3.332090541742573,-0.43855842595205985,-3.2585890819697703,1
1.947146754125289,-1.6362386586830722,-1.739907213512891,-1.8910871503975324,1
0.5314918675327363,-2.4658122740202115,2.0777274350087134,-1.6875206288401525,2
-0.08623063355042815,-1.1414061228649304,-3.3043909855412625,-2.8278533458071684,1
1.6557786469280513,0.5267689805987987,-0.9891607414741888,-4.853116162245445,0
4.175274450080634,-1.9103410157397323,-3.162949350412636,-0.7974992135179944,1
2.9969260509604743,-4.047657412343034,-0.5154472803628007,-3.5545566329877953,1
1.1915981384487409,-1.7458302492752393,-0.5447471211512473,-2.029532371617016,1
0.25736200065540715,-0.930632595106804,0.8884146349740205,-1.6841352386811572,2
-2.2529298077781315,-2.848109479232056,-2.246555878102099,-2.0037524266731457,0
1.110170038405986,-2.471916626889581,1.5553930669146214,-0.8840663925416874,2
-1.9578625887114052,-2.5124085745167477,-3.3048258285264502,-1.5644311706721628,0
-0.20022593515549447,-0.0354119066247931,-1.1948476171872615,-3.2598880161638544,0
1.188601348569433,-2.578508182881208,-1.2583947934395248,-3.1646616204972196,1
-0.21955455370117338,-1.7458155168300529,2.3508902738227313,-2.894465423416941,2
1.906045842969113,-0.7217327028839411,1.4534719661755733,-2.868301869755558,2
-4.877522436695234,-2.8077933679690714,-2.0262956599595157,0.35403839407637694,0
-1.7216767353967162,-2.628165375323615,-2.5906567887229657,-2.2335226841480793,0
3.4857597590482605,-1.4484724421017114,-2.889172793209963,-0.4295052192094335,1
-2.8169839674081394,-3.0339778009864737,-3.3447979168766144,-1.0010656950810928,0
-1.975346902427897,-1.3823141528223761,-1.220539506772473,-2.171341765097036,0
-1.372683256726027,-1.8804964468785224,-1.8406014788551275,-2.6205009525623284,0
-2.523721633229711,-0.9976927253636863,-1.015459809466474,-1.5578278802411567,0
-0.0689785745968381,-1.941035413657995,-0.15082847074442318,-2.858864602416797,1
1.4020260205411073,-2.527910188772191,1.8553498214522577,-1.0751270700807152,2
-0.5717406982710258,1.9824031360023464,-0.33757142430238174,-2.4922107246773497,0
-2.1513453791494745,-2.498337995614667,-1.9329777658354552,-2.0953293165588414,0
2.143545554409546,-0.9248723533586698,1.4631649607950918,-2.384036329950985,2
3.037414838949067,-3.006221749926194,-0.7509929306636285,-2.0634229299266766,1
2.9588137248361615,-2.111537963756859,2.0803740885418964,-2.00588015274604,2
2.5360937847534695,-1.5885706397201365,0.40961495294976724,-0.0379718819211432,2
0.449072134834996,-2.5346483677077347,-0.6722088853430046,-2.9289139301468774,1
-0.9463818802213231,-3.652421525016597,2.7346050108201134,-1.2406534506568514,2
-2.868777667253924,-1.9111762448029364,-1.7699136506421087,-1.2746402022976036,0
0.7594984958950168,-0.7941868173561646,1.284412608038056,-2.4895415253476294,2
-2.2063929009571677,-1.9951218754045787,-2.10633773530326,-1.753862067553263,0
0.6635183223277332,1.8272209215519242,0.2304459205052849,-3.9893870627808123,0
1.0870745131748474,-0.5785684357312464,-2.120387354985341,-4.208994694779221,0
0.8035679039843906,-1.9660136846728478,-2.6200149635763514,-2.914192203558476,1
2.5352318575025325,-1.0177189960859738,0.6886245078665103,-1.1668341623892782,2
0.6822586897800527,-2.706824905673597,-1.0109072309249822,-3.1530250851111457,1
-2.09730258831553,-1.6605768684918887,-1.504081415077621,-2.0211052425089346,0
-4.318681003718634,-4.326358702920842,-2.682030679023613,-0.4722694942288248,0
3.1041330431557643,-1.8638131283472368,2.646633201182213,-2.995418391006877,2
2.8169539186110146,-3.0708023751635047,3.0961288007409005,-2.251373104500582,2
2.8981206444225682,-2.0864485334856346,-2.6096448942828046,-1.870062594534654,1
2.7184826661590624,-1.4112940654350052,-2.764211390549067,-1.1110365458715479,1
3.9710130840141664,-1.884007944194515,2.4710868355667337,-2.5803866192550204,2
2.0138761939986263,-3.4097784840932084,2.6458075396107006,-1.327005243897957,2
2.1401355831404127,0.43691802012354275,-4.200641623290264,0.9020225182877128,1
1.672434783273658,-0.5951101167887176,-2.933942878100497,-0.978957554079912,1
2.337896835471011,-2.2349480709690726,2.2158956216295462,-1.9641739260612892,2
3.967666694530431,-1.8279622215098428,-2.685381171260644,-0.08146862888074935,1
1.3754498810348057,-1.477919114661137,2.2975417636165942,-3.133287132681577,2
1.0036491361256359,-3.305582592594874,1.0901715580663036,-3.2179527037016724,1
1.485662306643745,-1.721792924821505,-1.777789404171029,-1.475209572882153,1
3.2537384818478925,-2.452470285679149,-2.2851269665639466,-2.2849336372552553,1
0.5579539074257598,-2.080219796217842,-0.44966641174804356,-2.4165804313642583,1
2.3514711984149077,-3.665982044241272,4.15989800121454,-3.028531021830065,2
2.6861437229328873,-2.427973574268103,2.3536928445098675,-1.9471224913105971,2
1.2339556570166823,-2.271667703339723,-1.647886779950102,-2.6005195758127524,1
2.9870208690953106,-1.662496604346565,0.6897884958295755,-0.5179017677537745,2
-3.0844890768440987,-3.8247678889970205,-3.067358663688993,-1.2371398380861054,0
-4.726672194827124,-2.9707593184582515,-1.7287647039515126,-0.0060084519668963665,0
0.5660163746986717,-2.341728654167164,2.3565182426701443,-2.3264848121249857,2
-1.4502302047924645,-1.7651288146693325,-1.8389076310192911,-2.5200126142103283,0
3.980195171958341,-2.0014883091677116,-3.8782261879216926,-1.2263593793493772,1
-0.24864366453737619,-1.2872385174635714,-2.2570465304552094,-3.1967045582620397,0
-2.0447108918016426,-2.4507311982262237,-2.180634415836273,-2.0758858209386677,0
3.5853257583851863,-2.9169663494326246,-1.5662711438719892,-1.7836073066179794,1
-2.117504078278219,-4.289779739520037,-3.2248829911199017,-2.2719159074239488,0
-2.9397017153343334,-3.5354159975454262,-2.1573656560666303,-1.6848312185917032,0
-1.463532650065905,-2.6438912063510536,-2.629871164675494,-2.461291601775478,0
2.9598830037300976,-1.9824870358866369,-2.20557999428886,-2.010858599864962,1
3.8335611232123785,-3.364500461766502,1.915767770766803,-0.10347435941450689,2
0.04022712805489559,-0.4322519696846929,0.6320026930822527,-2.0379758300348807,2
1.725422913594409,-2.437278892387224,-2.558041409159866,-3.302699718121521,1
1.1945910627228973,-1.6142327249936106,-2.300638514282064,-2.154923872385383,1
0.986225316075422,1.0268743503849662,-0.7485372411330418,-4.154365239129353,0
0.7084934510430902,0.7496116226472598,-0.7882842546156652,-3.9433352284324013,0
1.5108357958545175,-0.9718679871360467,-2.386290419873199,-4.677925858209679,0
0.9545545116882961,-2.420814219440954,-2.69043708544325,-4.582996145648881,0
-3.7113883056147725,-2.7500156923663837,-2.1827573606712725,-0.634014400726248,0
2.3009159283912584,-2.2826713241457943,2.58426098672535,-2.4873914307965164,2
-2.060312895024013,-1.9603227201196358,-1.89892371752831,-2.0038213351891057,0
-2.734682511304265,-2.011776235147546,-1.570635817463308,-1.5401068956174044,0
0.4929239013106561,-1.493803401501968,-2.9724231626467805,-3.602400745898077,0
-4.55305296036647,-3.0864976660063794,-2.171974249316246,0.014681689599501002,0
2.0043172367099387,-2.9509509947441996,2.5638336235612966,-1.7221583068357913,2
0.9381596399317769,-2.3480300609067806,-1.6675305361698416,-3.3539960909068687,1
5.7758665067666675,-1.809972334809429,-4.100654916984001,-0.10027337567488748,1
3.144374574140874,-1.5779309531352215,1.0491664012854278,-0.9893041586646736,2
0.13530330679829383,-4.280779030455712,5.275032483510483,-4.310105631956402,2
-0.22265349082316188,-1.779351198239212,-1.469093744462026,-3.8430569498300136,2
3.744982023648035,-1.5254019254012467,-2.3123449718611515,-0.45693921218650857,1
-4.390876622782663,-3.9859741474865515,-3.2320769376009117,-0.0174422678115298,0
-4.010562253347445,-2.8550704789485772,-1.9345971816476857,-0.5267775135992516,0
3.1603156908047705,-3.098010655819362,-1.2214632660687363,-2.228122805052631,1
-3.1471164119577835,-3.074555926395874,-2.195409179249402,-1.3007114262704786,0
-1.583660811008822,-0.8577265769879878,0.8244185419896579,-1.8898384144486717,2
0.36601613611888073,-1.3223664310412524,-1.786152783744634,-4.010954252728978,0
-1.594935143888994,-0.8123045866243301,-0.7838457469101234,-2.5008735778424245,0
-1.7203270195170783,-0.4706167186045045,-0.5206322803206165,-2.313909866344805,0
2.628025543435167,-3.7051892145927834,3.6296077182840993,-2.2805390091268345,2
3.3457887139907103,-2.7221493140507764,2.6518448600736773,-2.137050245647136,2
4.192392109391763,-1.4109766482444284,2.509660426479157,-3.3363708526888676,2
2.53941530271815,-2.4043948498632846,2.9847640970643563,-2.956047403710002,2
1.2391986176147567,-2.845526846772858,-0.4055923820641636,-2.856885501136304,1
-0.8801473505573223,-0.9176556388251285,-0.9594718423570507,-3.1192029033409403,0
1.1752640571901873,-3.4722811198191508,0.3846681036276349,-3.8663401673187403,1
1.7632549418501233,-1.4713037801589213,-2.4828688719358984,-1.7204605229552965,1
3.753774245759335,-2.775287038536854,2.839413239211156,-2.328617821287634,2
-1.6638776062742657,-2.680848244527558,-2.556373221800744,-2.301967912585118,0
-2.129220235256714,-2.5292378011910177,-2.797387990958787,-1.7348328036984215,0
-1.2189400906075951,-1.209588188997419,2.231826045648408,-3.5544460216647558,2
1.6639415062491936,-1.7455986464118314,-2.558019936192906,-1.27463661173203,1
1.9149404626910709,-2.700853101281457,-0.700832211925352,-1.6661902556232178,1
2.632464022070891,-0.9914483189938983,-3.849436594863149,-1.2194307255540453,1
0.8986088832718149,-0.3221041077717881,-2.5040929003064987,-1.042324767982047,1
-0.6602607711137478,-0.18040721680121363,-1.3599494505383665,-2.7941965096227666,0
1.5558543064112278,-0.43039813157213014,1.9165286442554783,-3.7888942436991147,2
4.679009470100141,-4.598913589784685,5.236044991712169,-3.320773160268854,2
0.37668473479909115,-2.8995330581545593,-1.157840441732298,-3.770029840613276,1
1.4998214947880144,-1.2797789622404108,2.507146638566743,-3.724616544847046,2
-1.3234080673381636,-1.991652081332108,1.7880812025964363,-1.9053186387146201,2
2.980723839441648,-3.6887923711213917,-0.5336975673283915,-2.6542179369488124,1
-0.7851729936486074,-1.079691145079733,-1.5621987835747297,-2.9740988167992306,0
2.329623884348641,-3.2645910978223487,-1.313345964567949,-2.917210313269477,1
2.6714413584621965,-1.7359740490074493,1.401588003489639,-1.4236458671501966,2
-1.913211781815392,-3.6786412900194057,-3.351018284056063,-2.124053775566385,0
-2.788569428552236,-2.763851093581025,-2.262314290808432,-1.4558534733045447,0
0.1288438012645945,0.21111792633237636,-1.0850610803542873,-3.5304431085165424,0
-1.074705199930592,-0.9776480120172808,-2.1436410980056273,-2.3730475042781727,0
1.1004415456670646,-2.0274329345483113,-1.5406516929861276,-1.63747665352302,1
-0.9452513339402451,-2.4419776346227393,-2.8596486381722324,-2.733345077636338,0
1.847266428248327,-1.1044798645425082,-1.9545512522937514,-1.2314722683576154,1
1.9352226801560048,0.08321198782215156,-0.1008271647817005,-1.406247773017336,2
-0.38374040393921094,-3.678045593371837,4.454672729031267,-3.678924356134795,2
5.161199722184914,-1.0168670770067316,-3.595941188273825,1.100309171730541,1
3.7172185362910612,-1.4680621573244887,-3.1706489800458835,-0.7952321512130196,1
-0.5160650317999487,-3.6324315565707312,4.573048623586178,-3.9755917251881723,2
1.3355874344866103,-1.7640627820839745,-1.9210521939904577,-2.5656926436530503,1
3.025136399544178,-3.1280302446397448,-1.6581989296467023,-2.2413802835162464,1
-1.5314307146051878,-1.1634176454426304,-1.7367208101223972,-2.248641452146492,0
-0.8679496045656041,-1.66150128884249,-1.858718595023904,-2.9730932788202735,0
0.27413585686041664,-0.5327394214335368,-3.0677509574337334,-1.3122487767300788,1
0.7342706890810409,-1.0816840820011215,1.295307113506978,-2.2023115592589737,2
-2.5671263394453327,-2.512632744797994,-2.6223551103794165,-1.3596821979967082,0
3.5746714598660287,-2.123433370416506,-2.550852857612889,-1.0711767709239277,1
0.03990413869831588,-2.2902419197127477,-1.3281892056263322,-3.6362710512825047,1
0.5944072785574348,0.6038241560952327,-1.1037162963934897,-3.7847043988617655,0
-1.012660555970339,-1.4594359694563948,-1.5347206597744953,-2.9528749927378684,0
3.0626695111194193,-2.231523972828946,3.4608235626776525,-3.8286873911524033,2
-2.5034989060151904,-0.9219867489684277,-1.115864719012095,-1.5023048010479902,0
2.019210460227772,-4.529802648915625,4.690764149048681,-2.971052276330453,2
-1.346809873647802,-2.3384034562021725,-2.30549873605483,-2.59686395114315,0
2.553549302826574,-4.198076225715507,3.0783763661831682,-0.9460859570195688,2
2.674123545451034,-3.4855954703970853,2.663062872749521,-1.1567979725100725,2
1.5999479862521166,-2.019987317494948,2.2647007264523262,-2.39425926925964,2
1.6825867862603272,-2.9637002982280833,-1.2530308259212144,-3.261472533614844,1
-0.5974028991975211,-0.14270832420302715,0.1555437890495377,-1.7557354426067993,2
1.6946364859689378,-1.6779823295519138,-2.2382443854249994,-1.9892662745448049,1
2.380345627410728,-2.6376593743822676,-1.695148788053508,-3.7488003322372245,1
-2.348186563946297,-2.4714602161876185,-2.6599269681033992,-1.536095779407904,0
1.838632707690727,-1.6424272038337193,-1.691188641204645,-1.84636884139945,1
3.467955844269958,-1.9849754080626276,-3.070433712513868,-0.9217871039381873,1
0.2733473112573479,-1.6354739519978563,-1.3968652993418487,-1.8241510846784854,1
-1.2073253637681463,-0.0998553193660967,-0.38656097374171594,-2.7542772186740647,0
1.3068918333199717,-1.359549528192126,-2.6942545132490983,-1.9097212630206213,1
2.3959252275271914,-1.8737900008063348,-3.008225778327423,-1.7316777030166877,1
-3.7488924512906943,-0.7652725902866295,-1.042174974061206,-0.32762250240507185,0
0.9272536049125795,-2.1703713288326427,-0.8516802140827182,-2.8364852970360546,1
-2.3815076413511314,-2.9938914558443974,-2.1264044955417227,-1.9850027885416244,0
0.39539772683098406,-0.2606065361778642,1.011355961264413,-2.7945965548062603,2
2.5927938627443767,-2.702021633304712,-1.4720715225771417,-2.7123659033356704,1
-2.2569274800118424,-1.4300766719554385,-1.7457376912014526,-1.6049398314440269,0
-0.30908576903041807,-1.2084208412357083,-2.077080747691617,-3.191773655287042,0
3.904316943013224,-3.4997954405543608,3.671304299452321,-2.5436171997542054,2
-4.342083067722135,-2.280632691888365,-1.656070358487789,-0.06503624341644287,0
4.604036591117372,-3.2424931723116925,3.006951342200553,-1.8572617904329212,2
3.665323848503059,-1.7805331331236836,1.5383423761201258,-1.470744631278503,2
2.238913211073177,-3.1616045040015646,1.653043759776184,-0.07475705198922622,2
-1.3473425426966168,-1.8733434303643002,-1.5056483684929947,-2.8093381152463426,0
-1.7279804793511728,-2.185948087609695,-2.677320873013823,-1.9932873299771694,0
0.5255665371728377,0.3988184209111436,-0.3311081672738667,-1.4266182028426564,2
-2.9803619965338495,-2.8817825381556634,-2.057357982272186,-1.4187172588720498,0
1.7397194548729258,-2.4000948120469636,-1.0332361230356666,-2.4910687231864257,1
3.179940064889811,-0.4817994162544621,0.4566932276355291,-1.5605689765790933,2
0.22009377026657662,-2.2824751317951573,-1.6387046019001454,-2.9211850455397954,1
-2.9959924821097657,-3.982484016875123,-2.979848442962207,-1.4288163767307305,0
2.1857760064832616,0.2747953361787481,0.5192411224284932,-2.6121594792513787,2
-2.00592816266831,-2.1393355528201172,-2.0626215414205262,-2.0529242817696143,0
1.9904154119031243,-3.4426840319498835,1.6916014578684,0.1262501765431101,2
4.312682106463885,-3.003890908330428,2.194135914270852,-1.127527368118908,2
-2.0034466609580823,-1.8820444848699873,-2.376448449843313,-1.7388413251072752,0
3.069797856239012,-3.591640461652711,-1.7631653547714334,-2.9447516327978662,1
2.0025397538947565,-2.5491685343667787,-1.5894886410084008,-2.689645983849252,1
0.16848924954864097,-1.5767468862544278,-3.0398119040366067,-3.165877140818396,1
2.111749767146407,-2.5374063846118338,-2.055840297999965,-2.6466549475455348,1
1.5360831668840518,0.17044949183899627,-2.5962404149535776,0.427283387295057,1
2.069315132531066,-3.1010910495562483,-2.6058332184946797,-2.8213910870398706,1
1.3465032259929672,-2.2100150656953903,2.632964798433014,-2.7130232753152237,2
1.6862181329560453,-1.05770120126033,1.5163295720615597,-2.46238817168718,2
1.7209987420519746,-1.3496856523114724,-2.121426984798643,-1.176907765383884,1
1.5925544371952387,-2.051371838742841,1.9461906293681306,-1.9088037412944459,2
1.4741773794472848,-3.447988112681362,2.221760587970539,-0.6021691090034296,2
0.15603258262168174,-0.7668807378309004,-1.6078439497969172,-3.6953068102542277,0
-2.7480645068318283,-3.026369781616684,-3.3087639438860945,-1.0600183845849056,0
-3.961041456400427,-2.935713737729125,-2.565190931797163,-0.2991133436173685,0
-5.032194272204866,-4.878226433210789,-3.1981964319212537,0.19298824470042497,0
3.915265152028659,-1.736098047801227,2.598021096099951,-3.222100118927946,2
-0.2837753190503096,-1.7281481882244474,1.5701320363592308,-1.8659727378779456,2
3.143768041677178,-3.2938898569619317,-1.9026875595994057,-2.351792954654264,1
0.4854707743792819,-2.4856548796836138,3.13360485103415,-3.0675500677799743,2
-2.6981122256476446,-2.664043926684881,-1.9012707807121538,-1.7126879010361256,0
0.5066119968369338,-2.339562492257991,-0.21841236265103814,-2.517304531526458,1
2.914121065508987,-0.5898686105654298,-4.3422235618680425,0.3198578781718,1
-3.427597864595871,-2.3432585830749093,-1.0991019706606253,-1.2690952186186504,0
-1.867830320284383,-2.9154333316891132,-1.7449243450423733,-2.6442265431321634,0
-3.3745796432945623,-2.166425966051295,-1.5063950820157868,-1.062571291279176,0
4.379643074493014,-0.41482778280870236,-4.3555210681432435,0.8844933751149533,1
1.286540633645667,-0.7765362688511517,0.9084351085458244,-1.925422675550656,2
3.0022554952526246,-2.561206561610388,-1.4911430580230465,-1.4965503295028055,1
-2.017464719653747,-2.3852690074872602,-2.3136584509614697,-1.9848855764249715,0
2.7889965318601293,-2.677927863980895,-2.238541689505664,-2.615401807513941,1
2.9970573353379373,-1.405578855368417,1.1991379955156334,-1.348175624375732,2
0.3838460544564941,-2.376465799187847,-1.8418134607146763,-3.460521996239682,1
1.0192717907776916,0.876624609257715,-1.067831608611402,-4.083764930362708,0
2.2434912821603907,-3.658313374624031,4.406034334471173,-3.425022585819197,2
3.7327723659701952,-1.5435498526365437,-2.521653189842579,-0.5385144780547959,1
2.9452149442618833,-3.426978134751038,3.08704566226896,-1.8146319153455663,2
1.128334703354303,-3.1202954382165378,3.054709247609021,-2.2894769709209966,2
5.709542304147147,-3.4886957655629347,1.8950714594799354,0.16082895313807155,2
-1.8994665884204593,-1.3358089561969324,-0.6142989784471224,-2.5124211447971154,0
1.5121150565712127,-1.5364398213921475,-2.4376073216378877,-1.415435275624445,1
-4.395517083895701,-3.251284959910886,-2.4658213401833944,-0.0923920652309913,0
-2.6192253791766955,-1.90509454468881,-1.206147373817266,-1.7906210725994898,0
3.1892384236352735,-4.391184335165098,3.409403083640773,-1.0210507260573547,2
1.3061338320333595,-3.306203840169835,-0.8897785234239715,-3.7707559957177654,1
0.1365378283029215,-0.4321647785580811,-1.4669871036032207,-3.572389422122324,0
1.2091493866304135,-3.0683519629733924,-1.0644507917366532,-4.172081379009882,1
2.3729112692866576,-2.845677998407461,2.4185834922057827,-1.552748987949545,2
-0.7464715603208294,0.3334662930074481,0.9689166282478936,-3.45534679051606,2
-0.26692836718021606,-3.4710308664137965,0.1620959094343375,-4.6822255781583175,1
0.3467943266216649,-0.7065632819532419,0.9163667936036848,-2.1170302671398997,2
1.712763552531461,-2.6052102373280857,2.760763242282198,-2.4152774167836166,2
2.7427518611494994,-1.9098257813915538,-0.7430161998934872,-0.3708839601515439,1
-3.4510271631995013,-2.0379663710378,-1.104394047215212,-1.0780963324893795,0
-0.7944764273554556,-1.5732690143116157,-2.4678145096546142,-2.709140845396084,0
2.6379183163723607,-2.7326000265856223,-0.5408099584331165,-2.192065542687691,1
3.5694668368961873,-2.5891106539812805,1.9396159582207595,-1.158198407871308,2
-4.5977946558591345,-4.078520314923204,-2.307788628308473,-0.31316541039565626,0
1.5521284529923802,-2.46294499310174,2.4507329922641565,-2.1586314255964245,2
-0.988970900462105,-0.9293262612335722,-2.268216110974092,-2.8041706502879893,1
-3.4607527856297384,-3.3515155841944706,-2.4162283661477026,-1.0052421926136972,0
1.0966305743628122,-1.2839533727497625,-0.12231180663227725,0.34265751285221935,2
-1.4155104504230909,-1.5675702454737943,-2.3752040483711467,-2.1382552601581,0
2.5543142265794523,-2.345451848531045,0.7831356030053687,0.3225983132015484,2
2.6493054630359283,-3.4827184721091875,-2.9259878708156295,-3.674350870759625,1
4.810340400481627,-2.754098484928272,2.0017145857075507,-1.006593021398852,2
1.4918717640137782,-1.0346919176186358,-2.8983340844658203,-1.6742087778218209,1
3.6072860054121656,-2.9543503017137747,3.3131314725890983,-2.736427265160353,2
1.1248218647118668,-0.687011183059471,-2.6660868846976196,-1.5140374646254235,1
1.187582883042119,-1.8134374797817248,-1.4840109997447648,-2.0794685202823118,1
-0.467177445511878,-1.4744265663004814,-1.7017254267234763,-2.6612980225696505,1
-0.47815601247856776,-0.6995214812621748,-2.09234896510451,-2.8099629788785077,0
2.1155366030977603,-1.558644490472069,-1.3760025039788522,-1.7772268979940227,1
-2.1130196151762806,-0.8141221317846814,-1.3930190615294609,-1.7064981700325634,0
1.157867531189504,-2.384023073215991,1.719062556173113,-1.3237567156856107,2
0.7723563363876869,-2.217383606012558,3.394759722724057,-3.7263248367251176,2
2.4417068690132515,-2.238297334679673,-1.218604551149003,-1.4368029884425388,1
3.918778703168347,-1.8198857501941865,2.0131622425423883,-2.201514896230405,2
2.331696790620849,-0.2255797691496313,-0.09129953551804304,-1.0679866572008239,2
-2.989286829702874,-2.9731188480696913,-2.537178480909955,-1.239967870077002,0
-2.6814806131019275,-2.4512191013925024,-1.5328072444015046,-1.81255684647829,0
2.910643324941538,-1.4647783895386737,-1.6743507658557601,-0.5609873514266732,1
-3.2169716105844253,-2.2892716152670047,-1.2218597220260974,-1.3456523996421934,0
-3.4720085496424953,-3.7260549878733724,-2.713740816865365,-1.0170157888424205,0
1.6569967131653298,-0.9163653564532674,-3.2457939980179664,-1.7209921172996678,1
-1.7985398457283641,-2.7865784674992806,-2.2532022374078458,-2.4051184465208184,0
1.1845125991274168,-1.556448628456391,-2.129482918336308,-2.9168147225848404,1
-2.5261976411725118,-2.677733133078781,-2.273976124483273,-1.6442841645698998,0
-0.6986144247784409,-2.90729436793418,-2.8191387589891925,-3.1870281021542413,0
2.6922454535686677,-2.7442614666899976,-2.326128719527297,-2.6648113034784027,1
2.443619656925274,-2.5898021807189604,1.9568661562835057,-1.222713125009089,2
-2.8321353806892287,-2.2231446297662694,-2.685585711455489,-0.9574112953591403,0
1.5852227821330358,-2.286623415028989,3.1431532512053657,-3.422200419838121,2
-2.5547484885107115,-0.6251278901396926,-1.0472904435653938,-1.4006755044764247,0
3.5407051672536616,-3.7118002712604117,2.4291460336845727,-0.40293598771377725,2
1.3086168515016825,-2.8353310925498203,-0.7254750955150635,-2.723730181159246,1
0.8284511585915177,-1.3449654680949406,-2.769981080144467,-1.9027365235898417,1
2.9771315634236246,-3.0702997161631442,-1.0677405292942257,-2.5790376115150537,1
3.469212347341457,-2.4384350543978446,-2.4118009690478104,-1.7617116902170025,1
0.649174149238922,-2.453314236179178,2.7236327894792547,-2.504356758161747,2
3.3360867560086875,-1.7662520380895197,0.9842900563877313,-0.8275962245570652,2
-0.297255871037152,-1.7589750430079336,3.149883555391792,-3.9983721914596537,2
-3.3656545756883274,-3.1611496781016464,-2.97697117669425,-0.7248363660528934,0
3.031403935632585,-1.8514041202086327,-3.5295642928433377,-1.2703876140582153,1
2.7879162273152778,-2.3216603668352715,-2.1793391320184776,-1.9352162548747074,1
6.002981811792158,-2.75834382892674,-3.907307200758841,-1.063870056218197,1
3.056767306205276,-2.5958163598722477,2.2088713048063666,-1.4925343533540452,2
0.9757549674851371,-2.626787393523416,-0.11813715156021387,-3.188217868717993,1
2.461136878982847,-0.8233361502224386,1.9820633062175768,-3.4558754306854187,2
3.092981253926432,-1.971304526738111,1.7649686606866735,-1.6497276411319612,2
2.7973506159133863,-2.189269140397685,-2.429855132136237,-1.7060284689815277,1
2.9341966502277437,-4.11371074494685,-1.0775011449156289,-4.190526595473505,1
1.4483294932044524,-1.2926063338488045,-0.24424494093451354,0.39760875912490024,0
-0.3675303012024078,-3.043293622647748,0.2187154436533838,-3.5743142564014665,1
2.557550196479947,-1.6827823794490953,-2.1711404587422716,-1.067966165819031,1
0.6222476128971881,0.12388941069248105,0.7386373911817574,-2.76180151553542,2
0.6820400996146445,-1.9523592283136029,2.1864814613503643,-2.4334770783466255,2
1.1085073334451438,-1.5176475989949143,2.565817009710451,-3.498625843465174,2
2.786145510133094,-2.3906553214275736,-0.9528410142828772,-1.3176197416349316,1
-0.46681358911843107,0.048969969732192364,-0.8587646536083589,-3.1326919113892444,0
0.991475040818439,-0.019481234690184257,1.0650060641555241,-2.9187899881572426,2
1.6066582683579238,-1.5398450982963612,-0.09785575515385059,0.361180932295619,2
1.7079859779806181,-3.4949421251063804,3.1219830544087346,-1.8287804471621425,2
-2.7594890029594175,-2.427161762858878,-1.830379075363619,-1.588260696439352,0
1.3102045457009395,-0.8121364756297571,0.8857290626151999,-1.799644771278889,2
-1.0136818758614718,-1.4785261056222065,-2.0025766835892087,-2.7356309080055716,0
1.9240762284985642,-3.4563942657089215,3.9768035221194644,-3.1420183096263052,2
0.696292505932909,-1.6829990181631898,-1.5356087407659706,-3.0264599166903303,1
-2.3450458105851526,-0.22490059917989802,-1.2979181010139915,-1.3036912232664586,0
4.470153502151552,-3.4990336173560728,-1.9632543941143232,-1.9434007664498263,1
1.406196057669552,-1.724426126120672,-1.8672917573527568,-2.4229108238145276,1
1.1806975283203398,-1.6303750449704497,3.713460793119716,-5.056367870662654,2
-3.336356803282893,-2.753085428393275,-2.4702494197490488,-0.8121752358331276,0
0.32204373706543277,-0.5395665157063039,0.4389766391575409,-1.6377540998461757,2
3.5461427598726214,-2.302293543933988,-3.083224940524562,-1.3514744981766902,1
0.8186821500524311,-0.7700052315649872,1.2951482272843302,-2.5969385959909195,2
1.3250170040513851,-0.09308834613554784,1.1089058692393905,-2.951390962848575,2
3.1321726885586285,-0.7681786851838472,1.5000692002393214,-2.747083203256039,2
2.2152288664567896,-2.1467821656968025,-2.251759364576454,-1.7953799890177708,1
-3.806274453553869,-2.901371984649007,-1.891286047479985,-0.7732724802842714,0
1.074359987166889,-1.5676892502500737,-1.7495474406866947,-1.4988963346342392,1
2.825052197748306,-1.7675015809270467,-1.689250141963203,-0.6920607139970039,1
0.6960540306170382,-1.8537193748632987,1.2559485436152902,-1.0815804330100844,2
1.768394630709046,-2.6573122631959882,2.684930442666446,-2.145324953923322,2
1.1997722764965406,-1.3569564168760557,2.04059247286052,-2.8382540879074285,2
-1.390678693726255,-1.7430150152507047,-2.6767319823177624,-2.1182794884650193,0
-0.326090991642042,-3.882625576327347,4.767288813630629,-3.9694148036405785,2
2.1403236751020023,-1.0371390166609626,-2.9215001910889096,-0.8032165228112227,1
2.4842891026308958,-1.4614598968955725,-3.048161625272771,-1.4343478190906103,1
2.8191923165623556,-1.268495528636178,-1.9646852986284544,-0.5613239074705312,1
0.8925478427785467,-1.32894898388842,-0.7706811076856435,-1.3164232870694048,1
1.9328352997519254,-2.309217634843348,-1.6274769766324524,-2.4203709883885556,1
0.7266693494913068,-1.997101911057718,-2.831608422331271,-2.577400642324412,1
-2.3237321689452677,-2.46994106324313,-1.7663416324841177,-1.9902451640845078,0
-0.9481345163557846,-1.4644222118775962,-1.6828915131953341,-2.921945234552204,0
0.6471350478294868,-0.8955179947795289,0.9556428342025372,-1.914640741111829,2
-1.2462050418002715,-2.588409878953624,-2.25011871491709,-2.8269700109605043,0
-2.8170659468685777,-3.812542315855584,-3.3099635572441306,-1.3658661071042464,0
-3.7142084716883863,-4.15285653692095,-2.785380391541649,-0.9158105898845272,0
1.1354137469368581,-1.368365776798268,-2.2114986636916005,-0.7327134977935985,1
-1.2321392886513944,-1.5620458320834136,-2.25883192056851,-2.4162716005310134,0
1.7477118024573897,-2.091911257909557,-1.1716291942108565,-2.237203279631604,1
1.0595707662205476,-5.550044601111798,4.473077023334318,-1.4087088983461844,2
-3.3175813919307333,-3.972642300479899,-3.3680286333723752,-0.90958720183141,0
1.1897899821388167,-2.9695871759634302,2.3242371473439682,-1.2391002592926454,2
0.009478645259207719,-2.6763069112988265,0.11733861755478436,-3.297345239519624,1
0.5058103904461253,-2.144278779553337,-2.2133972421018386,-3.366026977483169,1
-1.003135014634218,-2.588101516578673,-2.916581809015552,-2.705214904659444,0
-0.3493677259516561,-1.813001815115191,-2.2615780432534063,-3.3283229191420345,0
3.003548052835825,-2.8235047605786736,2.0085017713703066,-0.7948158571906374,2
0.9322573613872036,-1.5022709672816814,2.1186674719957335,-2.779778083389341,2
-2.508298338605588,-1.9488085452486161,-1.545077039487808,-1.726527246604659,0
-3.10759225860342,-3.287136070747665,-2.9922443058114805,-1.008703933962516,0
1.2007905823358689,-2.6870159385511583,-0.6649689519348934,-2.966986651571089,1
2.0333381284110743,-1.9928419589145607,-2.5126210755643203,-2.009818176184811,1
1.182089122748223,2.9697103939180636,0.6372025761890638,-4.22649453188818,0
-3.5850706613457515,-2.8422222143877947,-1.8126174085314604,-0.9709842739610659,0
-1.6017357620521877,-0.1814703700733289,-1.2890850462002934,-1.9346075323541136,0
0.2853533186420836,-1.3985282381438635,-1.8260697993640056,-3.9836945609473107,0
-1.5703920266950817,-2.888119990969388,-2.898626153375033,-2.337979103505826,0
2.2883147871663065,-2.896510377878488,-0.8527626652267541,-2.3341354437616424,1
-4.188158437965455,-4.630172444473317,-3.6653026674039353,-0.23865236539723877,0
3.898339748785867,-1.9360875923678162,-3.1818036189104224,-1.1650779272129332,1
2.4248134544087145,-2.499397081450057,-0.9537441428241449,-1.3515886693220893,1
1.907903661789767,-1.5228184933936912,-3.121693623152277,-1.754649745505577,1
-1.9724711806642892,-1.3016245961446407,-2.3488654774807793,-1.5378979409346514,0
2.2361063280754165,-1.0877281648741413,1.8936529392152335,-2.8916537329535146,2
-4.981964773263627,-4.372724729878545,-2.5249269270562316,0.029934954220501186,0
1.5002825464054315,-1.5111404263781605,1.7782260711331828,-2.2497120443047627,2
-0.1554014243439843,-2.613355423000971,-1.127505584287001,-4.302717101730879,1
1.7183685721030817,-1.7210782673452072,-0.8943636667786334,-2.350735353321983,1
-1.019753223370163,-1.7646255259729666,4.159112145509278,-5.628933470882281,2
-0.3563608334168471,-3.5956563344043393,0.5840183763401576,-4.869100181695217,1
-1.6257996818493008,-0.2805133586577948,1.0288984606170575,-2.977622187967774,2
4.875750076409512,-2.0714516926332083,-3.3659248994284896,-0.8811719098314934,1
2.802125182234312,-3.508443008618026,4.59983991414069,-3.8867560889772417,2
-2.5177123128899925,-2.5963303005648486,-2.8458850599273005,-1.360950276475345,0
0.8134426861528767,-3.0105900809771864,5.512273202260316,-6.015565158836352,2
4.495094247509911,-3.8296235625560873,-0.5147977972205309,-2.188519500042814,1
1.1941485994083851,-2.785414662889692,-0.5821298056084507,-3.410455734500764,1
0.9823513235306423,-0.723384247677735,-2.845537913325032,-0.9217164870832701,1
1.4600893997243083,-2.8857128478200944,3.1276405261206213,-2.637692539255742,0
2.6226856273561565,-1.5405989786636094,-2.24842150873211,-0.8961923796781694,1
0.10074205096833122,0.5614957854725842,0.5399555160250336,-3.0686588484565602,2
3.3122323528530417,-3.3091395493553897,1.7008398964247582,-0.02570960596415728,2
0.7976247987227976,-1.771088179618381,2.0731221382398277,-2.4081088676795215,2
-3.51926589949244,-3.620856154923511,-3.072683793891306,-0.7086042531403116,0
0.9717003818170202,-0.38725306169350193,-3.246628314744335,-0.5221003443198882,1
-3.6268075724252444,-2.6591058246134556,-1.788474585675093,-0.8800910681634961,0
-2.682994673069002,-4.402894025201897,-3.532771520794336,-1.5996546763439752,0
2.0734502588263215,-3.1690990074852907,-1.942376591071771,-3.3643315213277245,1
0.9988542810034384,-3.1164702392392334,2.226204135101894,-1.1449529242349503,2
-2.5166871102091397,-2.679988189025316,-2.681612842032996,-1.4668972308903943,0
-2.830870679332458,-3.501192263345149,-3.0145206867745644,-1.3428303227026002,0
-1.8990386311287795,-1.2973612653798865,-1.5504978816811443,-2.0255310464868237,0
0.9870526108874063,-0.23829723455066643,-1.5520039160298218,-4.260939587043341,0
0.19936258304829146,-3.318657194780604,-1.2334390612807065,-4.500805841030293,1
-2.520357245606148,-1.6871268442499305,-1.5529001812832828,-1.6146976384881329,0
3.5055531723053277,-1.966705520841524,-2.409143816917823,-1.6575338911577786,1
4.078906734561324,-0.3735042421572139,-2.5877310491407366,0.8731809347237136,1
3.6220717977357575,-4.31722130984323,2.9685978568936986,-0.6936924777449749,2
0.4019573416720055,-1.573717704449157,-2.1832755028636712,-2.113620238589039,1
-0.6588159259929727,-1.3627480917320918,2.1070819605848823,-3.0816271093444163,2
0.5299190366973714,0.6831755906648227,-1.1483183318447634,-3.643918474761362,0
-0.8959709525567583,-1.2899221979908564,-1.412129200591225,-3.0339853692354097,0
1.176029786697371,-2.118709810861742,4.24006262826887,-5.360845204547615,2
2.782473120479492,-2.4990569694479423,1.5328541996499978,-0.608671268391562,2
2.6512198841170598,-2.309775212195737,2.433122362366106,-2.253918917681132,2
-1.7972796787295375,-1.5208951076172024,-1.0025227112789978,-2.487123628166939,0
-0.32751235358794584,-2.824003884566942,-3.877882904246191,-2.9464453933115604,0
4.6819172745958175,-3.035912738295756,2.2534304032043835,-0.9569532997689107,2
2.181389077128844,-1.1688022084597511,-2.386629016077508,-1.1126075491099328,1
1.7277439066837628,-2.402012672710325,-1.744530116533121,-2.6405983546502885,1
0.12200813663406729,0.4849755682290735,-1.6337496851242288,-3.1163673104372682,0
3.1499871212058355,-2.029342055501051,-1.4200151772105105,-1.0015100326777282,1
3.637231649776279,-2.2566870965134247,-1.9453085016780458,-1.22151476296467,1
0.5650803318692377,-1.3642822155805798,2.139711784883858,-3.1743164679091027,2
-6.573613307488849,-6.166140074780418,-2.689156713089269,0.8357585008263082,0
-1.1005433013010448,-2.7790875167313844,-2.5827513796522807,-2.883351421702902,0
-1.410226737756723,-1.4848115001298947,-2.4089453539264616,-2.165864500061474,0
1.6704160710439908,-0.920460363654038,-2.942613571578398,-1.1572924172131087,1
1.7357412290503653,-0.9439667201932442,-3.483752196397457,-0.8922211713685262,1
1.618114840551023,-0.4364912536290322,1.3934408083870644,-3.1143368473322965,2
1.324117253334114,-2.308005582841042,-1.1125017211159143,-2.544565376299377,1
-0.01825505329443411,-1.554822909690368,-2.201521113219512,-3.5466952435759582,0
2.849932822393522,-1.1439060377815071,0.6940936699885127,-0.9223168473684464,2
4.695771315849384,-2.81903883214232,1.7820843382096592,-0.5662270063595749,2
1.3842734111329416,-1.2668194663898276,-1.9679245179169007,-1.7031897953468542,1
5.04555135776911,-0.2398567804488545,-0.2352937631746319,-0.6030013694995782,2
-2.793618526191904,-0.49880736070781384,-0.3917092409494958,-1.4217291933785465,0
-0.8761519078961739,-1.6412573275874618,-1.4235772663652102,-3.203041574447532,0
2.255589428515805,0.600842180593304,-1.2186816401528802,-0.5671831429650147,2
-3.731803059693732,-2.7805606133338348,-1.5716052816078,-0.9718648311832914,0
-1.6251862827328751,-3.914720598378379,-3.3418420586519932,-2.4485924253946934,0
-0.4716737987281945,-0.07990526965222666,-1.5756419732814992,-2.7888238470129716,0
1.8890591532924077,-1.6446088473620686,1.8290075206935925,-2.234210901875735,2
3.102921910298254,-1.2118710182912682,0.9131787827630491,-1.3329849315224318,2
1.148767419669798,-1.900256108216511,1.9007115615744454,-1.9830085470153223,2
-2.433386292155545,-1.5892590150224408,-0.7746282259261406,-2.0406459746054333,0
0.9282420165032317,-0.6784421621567356,-2.263312584936393,-0.9412354724586061,1
0.7017518701061185,-0.7460837123050434,-2.8369000603073102,-1.511402610890229,1
-1.9696486722886153,-3.779212268922393,-4.384265268234161,-1.558614544618368,0
-2.5584136623276135,-1.8960045445901939,-2.150605241111711,-1.3789027256527953,0
0.8423709521018428,-2.2929556028520026,-0.8729453579549971,-2.9389711094301125,1
1.7985399513390057,-3.075631218991214,-0.8010767783341284,-3.3582219895120247,1
1.994416475778734,-1.43398954336491,-3.1310393300555033,-2.3991590643687473,1
-0.3958387958981344,-1.9380430615125757,-1.6664983549921517,-3.685397670675006,1
1.5781474996667324,-1.2305255134059379,1.0659013214874502,-1.5880482876237256,2
-0.8971875941869287,-0.9230644979163893,-0.8117012636673684,-3.1796887059471777,0
1.007564638379951,0.4896991757778433,-0.5695035343855874,-1.2834974800358525,2
-1.9333668362332508,-1.3968957302795235,-2.0855994587882454,-1.7657052662637116,0
-0.03425088859503367,-1.1177840466460527,1.6546534920205118,-2.5769552916727756,2
-5.015452794806574,-5.5512955579532,-4.017389781495765,0.33924419976416553,0
-3.7622323959654134,-2.4121786355144894,-1.583202145928308,-0.7441236097152721,0
0.6032360682891857,-3.1005513519827206,-0.3878910855005897,-4.033265376156282,1
0.406823596689152,-1.9370127272000885,-0.7305600944766906,-2.406019017659585,1
6.258724532564161,-3.07918638256214,-3.468648594115463,-0.7483415419902721,1
1.8202628804848162,-1.253097967735397,1.2166514625869147,-1.8356704286435197,2
2.6427098891437715,-0.5332977205260845,-3.627170337048838,-0.8222300137205474,1
-2.082790492338666,0.5698188027706017,-0.30800783391195274,-1.7357760715452297,0
1.2347348070826603,-3.0700655326084716,2.9346885062734924,-2.0215521857985657,2
2.5975982106883,-3.6295874296702046,3.2046242891404906,-1.6322900004671235,2
2.569344374491706,-1.0408230393875357,-2.745025260025931,-0.5794926751308043,1
-0.3996121850173906,-1.4734084244326855,-2.095156925182645,-3.222571211911051,0
0.5489231224994773,-2.008791906654332,-0.7808319294535968,-2.8355983682782386,1
1.841679109367998,-3.290219611030982,2.2448882704887048,-0.8731556549208812,2
-2.9777509522259784,-0.9050415187553298,-1.8720131139916012,-0.6768497361445964,0
5.884083681805249,-2.2495843252145646,-4.120620964314869,-0.20417469053981274,1
3.3416768174233926,-1.5614569532352907,2.7318231402216693,-3.4494202784763845,2
3.1930674860979944,-1.627608208969374,-3.7256723608646305,-1.2980158496324568,0
3.591464284276782,-2.879991909420453,-0.5368936775247954,-1.6205796965239463,1
2.001028632474049,-1.844952871567339,-1.745454139850474,-2.3994175619972387,1
1.1302162206849677,-1.0332783920572126,-3.309694542145926,-2.0600527064772165,1
0.379378216055811,-0.39070815999376585,-1.3717978970533977,-3.838938043547037,0
-1.120782865883914,-1.7872746088868425,-2.0768789323226557,-2.6838842755773933,0
3.4556368220028024,-2.3197253075967685,2.1468052522064203,-1.8077659503709822,2
0.9887869834620389,-2.4690598134664685,1.8347901425262547,-1.2607580231794224,2
3.259712951950041,-2.1756437783554583,-1.9397754416746047,-1.0646092288250215,1
0.06534284345837316,-2.775150611387578,-0.8102985794270552,-4.097424412810818,1
1.6263981032430084,-1.5420710576811483,2.105958415121339,-2.83043999333316,2
0.24796965505031077,-1.1487572262664174,2.690031234655889,-4.263483247717875,2
-3.8697820609787126,-3.158155953250284,-2.5941711317875082,-0.383393313531627,0
1.7267511424370214,-2.21486376791096,1.8808061129592333,-1.5691944874227575,2
-1.9593180076896728,-1.0869563787910386,-1.1315476029837601,-2.114388786093925,0
2.7091127085252045,-2.44105431181038,-1.9808488374960838,-1.9650871354015258,1
1.9690388652546242,-2.8802678855613806,-1.6202842274255427,-2.7264764918335227,1
3.428812510826439,-3.089537551568517,3.038363917559643,-2.1727237482698305,2
2.436402032515285,-1.495203654466851,1.6164430307945743,-1.894463007029379,2
2.8726008478200815,-1.8922553380790565,-2.20805325299968,-1.4118040650219688,1
-1.955051464344677,-1.5701792124910974,-1.0198041758856826,-2.384590996309427,0
5.146420202033225,-3.1726302923697274,3.2612402820351467,-2.205736241342,2
1.7494853571297455,-3.0308034858503348,2.8020387788606174,-1.7945514311564752,2
-2.6877640753933285,-1.8802708235609573,-1.6818452814972613,-1.4451187700683552,0
-1.2267481649878285,-1.0980507035283598,-1.8582505432609986,-2.4065442448832695,0
-1.4803781853538374,-0.5941913992612544,-1.4868739676273415,-2.1468105845776115,0
4.083030419232559,-2.8927398367268795,3.430228316691417,-2.7993215430259517,2
1.5656835732100178,-1.4885047754753926,-3.702500638703788,-2.6041647035579407,1
-2.3585160336227493,-1.8855293387261407,-1.9153517454895415,-1.6638040907519673,0
-2.25785260243698,-2.1007397418776494,-2.14873909394653,-1.7244946005708262,0
3.6265463769611612,-2.8832245352453914,-1.7687808147627173,-2.160783300504685,1
2.5714734464227735,-1.9373620998642958,-2.571682579796416,-1.8425982024055867,1
1.1077022195766895,-0.017209314890310967,-1.138773844384048,-4.494286884691796,0
2.0668253445376488,-0.8037679238131632,-0.05062181061088955,-0.3706359665055634,2
3.7334658830563723,-2.6385001775545245,3.168599688143672,-2.821104115773112,2
1.586427004145484,-1.5710755245851025,-3.206251065708246,-2.123841874120895,1
-1.609675306602675,-2.72554014039737,-1.994515126080078,-2.674862910601116,0
-3.1908971911566177,-3.172682681892706,-2.7070828226182857,-1.0441783996220857,0
2.3093715752323996,-2.872787341035264,0.8246681205485815,0.740273459004912,2
3.114987178007164,-3.028884269683558,-1.1357517487218647,-2.2324863709156775,1
-0.746018932878179,-2.2993050412172904,0.18279965359218942,-4.359707595914511,1
-4.49784050625175,-3.3405185963407042,-2.072249017167398,-0.16440004820546794,0
1.2902828240675248,-1.5953255483487878,1.9683297931501276,-2.3136023993868498,2
2.599206045162475,-1.580000572246026,-2.4422122146688445,-0.5662965966095035,1
0.7809744248185615,-1.9003612068296356,-0.8371363204711206,-2.0151154667839846,1
-0.10715985677879125,-0.7878335747451146,0.282722774272935,-0.9489533816630937,2
-2.5402593937414073,-3.025598339394719,-2.4321809511618526,-1.723707547307395,0
4.821112118133186,-3.0771822400063864,2.5138798664426916,-1.1808545743342065,2
2.654599940960423,-2.502912696637848,3.6158447294767413,-3.827106774809838,2
3.8319568292565727,-2.6507962289083276,-0.4918405121840874,-1.3458019502847478,1
1.8882225450062375,-2.2747169405174303,-1.5637580198577972,-2.0699615959021656,1
2.3777994829126454,-0.9887009680481953,0.10185501507357686,-0.49229233998007405,2
0.504355642029124,-2.307324989699161,-1.4449117632323936,-2.5730942008014375,1
3.3082923588069395,-1.3547697218201717,0.2775023777646868,-0.1570650742646893,2
-2.283198060222615,-1.8588586201526414,1.5514124401155922,-1.6834525513578416,2
3.004494035278346,-2.8701451111410763,0.9160956559193327,0.6221098313016928,2
1.6295846530945253,-0.45884932443861604,-4.365495807671051,-1.0877566877860207,1
1.7290785037865926,-2.450112153230153,0.00623043043807936,-2.7063001987097524,1
-0.7384731128912501,-0.6080712267347017,-1.2355090339317438,-2.9833684242494836,0
-3.2987086832283588,-2.732340657473885,-2.4627699078290854,-0.8664515364095233,0
-2.8635337286441422,-2.674346541026298,-1.5163210460341565,-1.7500462109871395,0
1.9672939884248504,-2.684078953340566,2.785256856422512,-2.1896258526512433,2
3.2312865306500456,-1.5981859808438046,-3.418941891358279,-1.1846168396314496,1
1.402450852142059,-2.1918679818611406,-1.786112316352927,-2.70870736152353,1
2.0766789043786806,-3.899885289261083,3.870851198232306,-2.3243660930247767,2
1.7724675654985607,-0.32117182482738427,-3.2087834271184663,-0.444382798221016,1
3.232369430799247,-0.38558331887644637,-4.4692804929075916,0.48029559769013197,1
-0.9833286588145449,-1.1009987062876117,-1.5144791576170098,-2.809207314504656,0
1.9922241608758227,-2.086548415492386,-2.1772790285477055,-2.8499283295042255,1
1.6907623782092829,-2.269632472987286,0.8566470252881044,0.1198648268145206,2
2.4197416918684054,0.26251376767947043,-3.4750539549027692,1.1076394614457192,1
-2.5468285631531336,-2.261944536084221,-2.187670049274764,-1.487879353796508,0
-1.2859393560705423,-0.4632798959904638,1.5316062234289523,-3.359606275437422,2
-6.45126411733575,-5.20842328555367,-3.234145089762113,1.44608725707428,0
2.6459819124814308,-1.0936973426796566,-2.4961732177525566,-0.5039294462379267,1
3.836897300205808,0.04603007756675037,-0.5535518627937601,-0.5922855925345103,2
-2.434671239519039,-3.6254512331928654,-2.916811219332917,-1.832843441805657,0
0.6527816701960325,-3.133139779408957,4.160979089480648,-3.8876597358360945,2
1.2310264611375437,-1.6199048114076555,-0.987762602685966,-1.418964031763385,1
-1.3262896969373972,-0.6785233310521048,-0.6395229485587537,-2.752483472826513,0
0.6460560483853071,-2.403040748143467,-1.7969250600361721,-2.9906926936374667,1
0.21033723742731625,-0.2533126479721144,-2.4537089159471854,-1.5228460116206213,1
2.960138626178811,-1.9549433289040778,3.3566545116047406,-3.9189570825184967,2
1.3918083129573877,-1.1597882419901706,-3.394276333285445,-1.4889255076069154,1
-2.488774329395299,-3.2731937811444833,-2.0234084338247107,-2.051427756499797,0
1.2966434732734695,-3.2942705631153117,2.307356966666719,-0.8397780642835377,2
-4.352786415562019,-2.38965550652074,-1.5283603440902847,-0.2079030970021567,0
0.37089306816019496,-2.0514447744885578,-0.9229011161092322,-2.897830129878732,1
1.2240862263390142,-0.9471833569785544,-1.6955631156470332,-1.404318190068914,1
-1.2012162286421426,-0.9481120669583911,-2.0675069486298394,-2.2505011202908665,0
0.8371455196991358,-1.9512481038000817,1.817225524505566,-1.8600385112354971,2
0.6532140128342958,-1.9886520903546328,2.8214558423071443,-3.2791176353144857,2
2.9966180703989496,-2.2448417638922322,-2.8482481546025005,-1.6435689962151019,1
2.068110665148886,-1.677485945482616,-2.6602129391653073,-2.0931716735800454,1
2.662031890137256,0.14533031808110586,-0.39600770997399515,-0.9979373235141982,2
2.1294633818632285,-1.6475413650552573,-2.4935443560819066,-1.979524549978697,1
2.4113331384328154,-1.780444854649627,-2.1772307513685325,-1.7255260085855588,1
1.9389311701522651,-0.3389450140277088,0.30502125233721,-1.4564521029281843,2
1.7702509261740047,-1.726284254555307,-1.6723045118567192,-1.8577214426120197,1
-2.6632950551647365,-2.2785773376221043,-1.9044571238678114,-1.6015926484031906,0
-2.6006818622282077,1.3340880204921293,0.320615315350687,-3.769896966274965,2
-2.125177887365851,-2.557308160353289,-2.199544613691778,-2.041808585596426,0
1.8595361315938195,-2.436541442424026,2.605227323539821,-2.4140930958575204,2
1.9972953470930224,-1.6979806485698652,1.9440193593460968,-2.40655413006447,2
1.6059214036974327,-2.0825975457837993,2.011286640785191,-1.9885664290219787,2
-2.2063662015134415,-4.002677017853128,-4.018673960179715,-1.6356858849940914,0
-3.5580279455387274,-2.4889622165157492,-2.0291123961054134,-0.7273742741580191,0
0.5853486842114464,-1.25311706959163,1.0607232620567837,-1.5999193608927127,2
1.8885027029486623,1.2031916884986655,-0.7965556553803377,-4.892890288874019,0
2.5675024132359283,-2.6806390167675183,-1.6492311317202006,-2.5650698676324675,1
2.919696909481871,-2.3181201565183924,-2.2768539520165487,-1.6266426630261333,1
-2.4880972288073746,0.2063502371215078,0.14356529122165407,-1.7003502769206036,0
-0.4345363832858904,-1.5183394440256182,-1.6753921262577807,-3.470060233584715,0
-2.8800139663513273,-3.4116371969969865,-3.150059184516693,-1.1781598975811283,0
-0.5643916176031207,-2.0950969214067916,-0.17212584229531736,-3.0585536111490366,1
3.8859624320826907,-2.300132560339932,-2.124009647254059,-1.749792981485894,1
1.2677169991940325,-0.479829541282746,-2.5619442345436534,-0.29334934133701385,1
-0.12843396715023414,-1.1912203034166047,-2.4570043721179613,-3.151142800771674,0
3.434008491811884,-2.8077524669118663,-1.5023297100234425,-2.553492821575218,1
-3.2234718612695676,-3.683669238393035,-2.372375379700707,-1.3812770075138294,0
2.143563644062331,-4.438114561532407,4.180867965373904,-2.191084166171403,2
2.1345960861999624,-1.3585766906811734,-3.2277975432149573,-1.6531730808319645,1
1.8136461220912299,-2.8984294922711085,-1.1584520234236304,-2.581163501557059,1
2.1730241099678285,-2.845982945293261,1.3805420615056427,-0.1285618625595113,2
2.8443190751123626,-2.0256559527873312,-2.0243496331711284,-1.4789833217862207,1
1.352376171028326,-2.768874497153697,-1.0941367939171163,-3.1642230325482243,1
0.19832737122782218,-1.2625004484600235,-1.8910995714951873,-1.985902745893918,1
-1.6853767065630993,-1.6790278249085637,-2.239352631626012,-2.043006446893952,0
-2.7741299391024317,-2.104825366332145,-1.2385198848542314,-1.724281126273401,0
2.407203846902433,-2.397439145907414,-1.243628830557272,-1.7453721289583184,1
-4.054972007245553,-2.6094688920969817,-2.031438076682564,-0.3239414126684601,0
0.9691421097152169,-2.636584469201489,-0.3166830879813092,-2.780710617595904,1
0.9991966868578619,-1.6587560926322253,-2.182271554407483,-2.9304137938661166,1
1.3663455860711293,-3.3299896230422847,2.642717319800057,-1.4554361595744334,2
3.5231784337295777,-1.7125643339878147,-2.325329563442071,-1.0747966454789837,1
-4.317825921736168,-4.65233588162832,-3.3245121769159525,-0.30004484483819116,0
1.6649810087529209,-1.4113338541975469,-3.3578482466055597,-1.3282658655630084,1
-2.9672304082117438,-1.0485521231990327,-2.1475595345188583,-0.5882921753116686,0
0.6120942210291782,-2.7258751595746267,-1.615191435619813,-3.380126235900662,1
-0.5695226236920348,-1.599296403327035,-1.7213071576321908,-3.311674201860483,0
-0.13996324580471464,-1.6027713553121585,-1.0752494068890779,-2.6364290581483862,1
2.328563432348759,-3.104680894047636,-1.9231750585244498,-3.374910120371772,2
0.7411152457057042,-2.0737781794801213,1.3106234809067352,-0.9193843355530933,2
-0.38685760635080735,0.5387362022364592,-1.0423790976165703,-2.9276889466810245,0
-0.9886925186912863,-0.5341677726609178,-1.8638554263753868,-2.376500798040938,0
-0.4892228415643818,0.18612262116323297,-1.1095946771483147,-2.9496340872812814,0
-3.7877470079943345,-2.766695709826249,-2.388949412392601,-0.4937803727538268,0
0.722181331801449,0.7251536975637469,0.9306438256743035,-3.917139957039497,2
-4.722103385423003,-4.49931668229795,-3.2632006309272406,0.09791852584392391,0
6.111523073766281,-1.9384975568396408,1.5718159597905033,-1.234171555686257,2
2.866513078708187,0.6229029545902689,-5.36373573114116,0.6524781694330231,1
-3.379795779115725,-2.10935651065533,-1.337393784432468,-1.0678903565822673,0
3.0262732552574865,-2.815374428722273,2.627143350620767,-1.8037786032961738,2
-3.676501051407016,-3.0146761261137835,-2.561581001530948,-0.6114970743368617,0
1.036571215244629,-1.9312748750142026,2.201839275798598,-2.334492239920226,2
2.045748101575636,-2.061982930369159,-1.6241003618944319,-1.9544215222625152,1
1.7569911684604973,-2.5032717608359096,3.291855939838246,-3.221175789975427,2
-1.5649074095996316,0.3365574310677335,-1.1961829475689414,-1.8479662850899339,0
-2.3731059961977152,-2.6062487103751653,-2.2064481797729947,-1.7974343762002254,0
2.9599338662467054,-1.154861660478522,-3.239642839072025,-1.4302268600308978,1
1.8623929838846742,-1.1043734228100957,-4.076479329365208,-2.213462143005261,1
2.1327760141452483,-2.134191036115931,2.0168408385455625,-1.7829460856804475,2
2.4458741422419914,-1.5379108277917384,-1.6737785546698396,-1.390325864646842,1
3.767903534856348,-2.156239000606453,-2.324123453121957,-1.4300133002518718,1
2.12539197310968,-2.7601527829250676,3.0637203880487194,-2.594142397159295,0
-3.543924227136003,-4.118685380736013,-2.8848404086404362,-1.0100769424417693,0
2.4331306256551892,-3.7969418275051057,2.8990650866937338,-1.163501660769238,2
0.19480750787661338,-1.2235309195730715,-1.3273996952951785,-1.9953290123607514,1
2.2394550782656104,-2.477460587331074,-3.0494210229195104,-2.362531855722319,1
-2.665897498587012,-3.387215014936005,-2.5882498688778366,-1.6847960283771313,0
-0.310117293987346,-2.5229302647805247,3.1585201483968692,-3.0148497511814263,2
-0.8377026072904046,-0.682870226123031,-1.1001173672448168,-2.987690645933922,0
-1.177846419978538,0.9802687616782744,-0.14600368146515597,-2.4404013717643136,0
3.781293010671315,-3.492652232563912,2.1500083291326595,-0.4278700820811663,2
-1.0533940418389143,-1.479799529066542,-2.360014024112522,-2.492741137110174,0
-1.6625750885491548,-1.7175925374693082,-1.3960232447480134,-2.5237647050406165,0
4.385323216373187,-0.38117654688721103,-4.230906658368825,0.7199586795234962,1
1.914625705239966,-1.7401264089351294,-1.9668631626286037,-1.5947567065711283,1
-1.9469539297651897,-2.74352968382285,-2.6385072166782404,-1.9882322929598835,0
5.903000510061998,-3.022216363838917,1.2004643613389083,0.5269507446183126,2
1.6835325174708042,-2.1308415590608427,-2.257880280834697,-2.306918261287244,1
-1.7621519259952187,-0.39200965482990524,-1.4388704677320545,-1.8615396646166629,0
0.9923735248803554,-2.778666143982028,-0.9909317590616229,-3.5067394053240974,1
0.9255583580385061,-3.233755284634368,3.0726661982934034,-2.1939945983013636,2
3.7938906061181386,-3.0360563640951055,-1.328670448016969,-1.6321900443937716,1
3.3053980815431228,-2.2927878178302756,-1.1846729258007638,-1.2963435882528276,1
-1.0990060585744819,-0.33401152615715834,-1.078442367242349,-2.5879385355507463,0
2.5003886781496147,-1.5015981328938808,-2.3406408221972783,-0.8930372178040806,1
-2.7243349175870852,-1.9229708895145703,-2.075298010169037,-1.2612574263768672,0
0.4317840620336666,-0.15042247444086043,-1.830085704999641,-3.564930727614727,0
2.789447505327606,-5.150863680124572,3.944318370621388,-0.9134512083044446,2
2.49272585456601,-2.6691123510453867,-1.0213160506413324,-1.792553237527099,1
2.2615035242050325,-3.1700920723093367,-0.05149197030141295,-2.99302752353045,1
0.7423907023911351,-1.9970819718698107,-2.524693236680333,-2.673150348036325,1
1.945494939666826,-2.283519275210337,1.2278085805278829,-0.51054439558221,2
2.4953568403604502,0.2986069491441792,0.23526794216685354,-2.0907404341996942,2
2.8667238732090494,-2.1588967829739105,2.5505695259563366,-2.473423636394412,2
-0.7184447563737386,-0.33587398133079693,-2.0620340979995784,-1.8956859542629774,1
3.7106981613314334,-1.6136269062502722,0.7709075221170281,-0.5579132125058719,2
-1.9127939779188214,-2.1399438081879154,-2.37231495916416,-1.9814564787118312,0
-2.7212971250387645,-3.688778238221141,-3.1038990935224966,-1.4831607531908881,0
2.9049771852472084,-1.3876264903596631,-3.1087440753136484,-1.2596389646643513,1
2.0214501621248133,-2.5193324305869482,2.1363406236509133,-1.585718671011679,2
-3.3054948775729023,-3.1298589426286156,-2.6959393472911026,-0.9108029930024184,0
1.2000109173013531,-3.9133019131591364,3.3746867781064482,-1.6987016775454296,2
-1.0444701044933988,0.46524171595865615,0.5801692248946448,-3.1113469530897184,2
-0.7904752525107779,-2.2050624304742517,-0.9063135180064836,-3.973535435047891,1
1.8671397183752678,-2.2608939642147274,-0.09881386362472644,-2.3883650903323352,1
3.584389457902309,-2.6172739879813927,2.641466417658733,-1.9894798452275149,2
2.6385560744615284,-1.67000863995316,-2.0747760178259407,-1.3470603436572004,1
3.732264592426283,-1.9025453696029513,-3.3743819041137426,-1.0549918792428246,1
-0.2030536811354584,-0.7275331373066811,1.728824565648106,-3.268590682423935,2
3.0218247946261716,-1.7103239295843835,0.6760082095959512,-0.36514815230771047,2
-0.4832127814573002,-1.4299294715349125,1.1756445090017382,-1.728634140476776,2
2.8733567548938863,-0.5574969551919375,1.4437584380102266,-2.783832522171831,2
0.12778626641912383,-2.0292039186193134,-1.4442325256439035,-2.906038238600173,1
-2.793608169455692,-2.668854905606597,-2.413671309014987,-1.3335951428307053,0
2.1878453106748714,-2.6017779442284,-1.226394579019081,-1.8494054958296222,1
0.655017107373963,-1.385092446884197,2.3267095021331126,-3.3482056197015995,2
2.846181084724636,-1.3176281411201392,1.6572667346533176,-2.193085510989695,2
-0.6578841834163074,-1.583862016761546,-2.6051629496838458,-2.7779623331309287,0
-1.2392807664662406,-2.080491971110209,-0.05648160225383325,-3.2200415352027347,1
0.7040578575636218,-2.1356280171725506,2.366451275999813,-2.4249326887447005,2
1.891848574596514,-3.0076692939211886,-0.47133251906038454,-2.857850369214308,1
-1.6357207043186168,-1.478218257361728,-1.8398637476745547,-2.2006851022365685,0
-2.980644020836352,-0.7255885903454244,-0.418962800451141,-1.307375448293872,0
3.41406820991527,-1.3405551458473892,-2.6024801505720747,-0.0936704518663185,1
2.8372771975947972,-2.8359699660756124,2.9942015010899943,-2.392090223775368,2
1.7682758068729323,-1.5917045078947458,-2.520659473970966,-1.6983159800098546,1
0.8473849214024269,-0.8344411454353178,0.9939345462449489,-1.9716651548164046,2
0.9697251557845756,-1.9361948097463288,-2.1467663180042056,-2.4885998313471416,1
-3.8369564774472873,-2.845520178527078,-2.804987459683927,-0.23192804632489694,0
1.4680361728034241,-0.5751653070052041,0.8360030225592325,-2.061111408966767,2
2.1456869298031482,-2.950809169350135,2.9105123088189178,-2.15652012523789,2
3.3350450044412714,-1.6380920757389,2.576431768029821,-3.1285346873600655,2
-1.3124681343595728,-2.0472982914299878,-1.7246049750249217,-2.7805633310070554,0
3.2137100219217043,-3.254808602089251,-0.718961769505273,-2.6075212865434945,1
2.554276058545621,-0.18597881396081917,0.6703728277125969,-2.2954762624255087,2
0.748912594373051,-2.895058217003154,-0.9876912370670576,-3.630734388255465,1
-2.167909772174172,-3.834894988110034,-3.054647366430066,-2.0734798922075615,0
-1.4928988120703917,-1.5283968552425442,-1.6962893917059154,-2.4517212822787613,0
-3.3084485304623645,-2.5754783195119058,-1.9340676517396418,-1.0799688689173736,0
1.4016317162823295,-0.5010245618834692,0.8331873728748147,-2.1580861583951103,2
2.1237615414179944,-2.8716121259335687,-2.900616609411686,-3.6668574982356557,1
4.110511459674429,-0.947102638318216,-4.610076554470434,-0.5804049011795411,1
1.5959118637079757,-1.461057757167326,-2.6080246481189238,-2.4584761877576513,1
4.110168290936455,-4.993492284799785,4.08679790762158,-1.2940898376991583,2
-4.7109380429170375,-3.5842648862343345,-1.6553250541874964,-0.27948604251772546,0
-0.6956260849266429,-1.9337339238998243,-2.2904296741462713,-3.026450473072262,0
2.8446815488442256,-2.331363420993485,1.742993569820451,-1.1040827800805553,2
2.1130670251602757,-2.0378416581320855,-2.015198875671862,-2.426027371126069,1
1.8418243913922143,-1.116017692452545,1.8858755471617288,-2.829661503987609,2
4.121103182526676,-2.99545969281601,2.0983410236151028,-0.8812973956687842,2
3.343859076071504,-3.5087926625197343,2.395692756586527,-0.593365191374708,2
2.513894185183915,-1.699727043251078,-2.2345229588054942,-1.8181750526130853,1
1.2309027679279123,-1.9590874495128339,-1.2901127251042426,-2.382825461851399,1
0.6931986390204621,-0.22362872979180182,-1.131768038262086,-4.223212729271365,2
3.4832814218517756,-1.8286622740334737,-3.58494387258719,-1.1852120538687165,1
1.589025887830302,-1.4290320451528347,-1.6202529956085132,-1.6899499709778152,1
1.3982078849499255,-0.08418244868585845,2.0296219715158195,-4.47040831033876,2
2.2870389808939775,-1.4098741242021942,-4.038295802873334,-1.2792619060966026,1
3.048673380289127,-3.6223266147847535,2.7276950315167063,-0.9389404480283283,2
4.304098939102401,-3.71202003582277,2.0083876491054395,0.2579866453699502,2
-0.7616306825153123,-0.4595328385684905,-1.145218642163473,-2.9418314472301947,0
-3.1834810099685265,-3.4084497232785322,-2.5221818715016475,-1.2415558594987335,0
2.969633965638195,-2.138505335569191,-2.597087514373267,-1.9867375504057738,1
3.1733855066929815,-3.338097054131217,2.7385480191411684,-1.3009070081763836,2
0.016158254802544292,0.1850277005900014,-1.7942137731073913,-3.0484714854738857,0
1.7619606736592144,-2.1879515103250036,1.7264869574588084,-1.3176371301446879,2
0.25735896382424706,-0.8774639063843948,-2.02923374421631,-3.6321696224552213,0
-3.7692454269398006,-4.449575774997147,-3.3733313329471777,-0.6762701391842347,0
-1.1064971481072008,-1.2827483362852274,-1.1255788040192756,-2.9668219853172464,0
2.5232596027817746,-3.010239983762345,2.814261142147437,-2.0203692094301373,2
-1.9449742247942863,-2.902828907086647,-2.3425551387790113,-2.2516374399117955,0
1.0099745252139667,-2.6341008460500355,-0.9200399071906062,-3.656088204801614,1
0.10750859773673294,-1.1246030005322656,0.6214001693276845,-1.1740663296886271,2
1.917455651549277,-2.258620035819595,-1.2724902428995226,-2.673672434885635,1
0.8809290912211958,-2.2518559526514412,-0.7341906636301401,-2.4669373146339026,1
2.533571740018187,-3.497382862586532,-1.209284070411655,-2.7915071450644025,1
-4.552826066728889,-3.60890904262825,-2.185188221293782,-0.2035164792703108,0
-2.759400544447912,-2.4193106518643193,-1.5454614733370244,-1.7143224508016264,0
-1.4253153989540315,-2.0378977785701853,-2.4000379308679656,-2.362937184472009,0
-4.417528242191045,-2.6605134276432922,-1.7394096140215365,-0.12213649542557148,0
1.2810881393219473,-1.127067194331631,-2.883375026105016,-1.4715318389005336,1
1.7493176959350683,-1.6118780360781573,-1.4030897675339138,-0.591849069667499,1
3.253406027218378,-3.1541432150803326,2.024317750419081,-0.5969569459677133,2
-2.8855262440240863,-3.2658116601131626,-2.675799428422298,-1.3589144621245683,0
-2.3750250896319964,-0.9513114742049669,-1.2328157309706445,-1.564190497392979,0
4.085158904543295,-1.550061288989618,-3.7382115594074516,-0.3800701202062442,1
-1.3737191149020584,-3.777185670046103,-2.6928485026304454,-2.9994200636682233,0
-5.098115716932977,-3.8368669113135727,-2.4666420568026624,0.3304879492440489,0
-0.017251716354029334,-1.454509352279155,2.6123188048724892,-3.6076235506284404,2
0.950819306483442,-1.506361326499579,2.5150454320677573,-3.522920036644975,2
-1.5545097554194425,0.5031114063418141,-0.14329633699521493,-2.306431468752386,0
-0.4989704058782598,-1.6792846702444555,-0.3776659047531645,-2.759231413627271,1
-1.537013754906636,-1.5864184965431973,-2.137494951047557,-2.186197971688361,0
3.135234227397623,-1.4503335466766085,-2.532782050408617,-0.6832947609752689,1
2.1367691668015354,-2.912729695953426,2.0011639662795893,-0.8941133706014999,2
2.923103320114903,-3.318759539209907,-2.062417689740826,-3.2531554208191875,1
3.9481324610909754,-1.0541478389454946,-4.499756272322136,0.05823542058123721,1
2.7540494960763846,-1.519962616996391,-2.7258266749645577,-1.169246270136247,1
-3.710363755563497,-2.246785056487114,-1.5170275192529596,-0.7779723124661733,0
1.7197211572351154,-1.4574400437844026,-2.505585326993365,-0.6240187194875362,1
-1.0359941721851131,-1.140218440755593,-1.0546150734557147,-3.0348885265278303,0
-5.017998895066551,-3.731934049321291,-1.510062014106368,-0.1766031496118099,0
1.547007428941773,0.37584167221995024,0.7139913328512986,-2.9307480162918127,2
-1.5874005417676713,-3.607970471506654,-2.015649000087798,-3.0880721923915253,0
1.743439151822631,-1.38785179531687,1.0357046156448004,-1.4415837195876846,2
2.7953402088906474,-3.4438334947943323,-2.8319839061898806,-2.9983104670238503,1
3.9135508875049503,-2.275560945041016,-3.4827725886311525,-1.3309726613109873,1
2.8156638569212076,-2.8940472965502524,-1.662082107086581,-2.7791651399147064,1
1.123922016563987,-1.9360117372322583,-2.325870454797845,-2.864340360327028,1
3.5748714157163883,-2.9036879972787677,2.588551283073442,-1.630460696025153,2
-0.9499446065924155,-1.8772459644635244,-2.01243233567751,-2.9441144069621497,0
3.732062594878819,-4.388919245470349,1.6950501431138578,1.391185617383266,2
3.599707252000255,0.8218304733446558,1.1807706540574945,-4.051885198130636,2
-2.681355688426896,-0.20820849508205952,-0.684753298333316,-1.29200135476961,0
2.1854235330657157,-3.0055131920344227,1.4855030067279427,0.09679916604341976,2
2.9661797964601466,-2.0464879054353133,-2.7642240658567125,-1.4804707767833158,1
0.3702509498366333,-0.9611587364816674,-2.7727233048922244,-1.3244663071557352,1
-2.947848734038138,-2.5939542425816615,-2.206980303200625,-1.239419889078133,0
0.360231156551734,-2.2737681783515957,2.1056135955576787,-1.8973449324876737,2
0.41140229214724977,-2.119626930567439,-3.1065710694895277,-3.7380419582532305,0
2.549348259682226,-2.3242420971065605,-0.4018872576433421,-1.2512960012235776,1
0.12308943816186879,-1.792842085183445,-2.2112940031339083,-3.8015515815224834,0
4.544836614873268,-2.8619576902946013,2.5433444127508165,-1.7029926506892503,2
-1.7634284338450752,0.2684438556414337,-1.807542963928194,-1.5614900587322442,1
-2.9491185829226945,-2.904511352773173,-1.7706886934548591,-1.6424482309497144,0
2.818437995749156,0.09186263341675627,-0.1253684355897291,-1.2796911545834841,2
0.2060844782894662,-0.7606810084747138,1.518486212243373,-2.8879534911968525,2
1.0332764437450845,-2.16271927025543,0.2608087498803693,-2.3557840634614724,1
-1.7022872722311673,-1.7420507464750212,-1.578778005733262,-2.3800979976583263,0
2.4917800944349207,-0.009026070525570695,0.8955317788443531,-2.7832717451883044,2
3.8587575547561457,-3.335019326858731,2.98472510937371,-1.6122150862822,2
1.840176476609686,-0.6912633594613782,0.9538334893877616,-1.9957827213177433,2
-3.4519457612459794,-3.3219537903259764,-2.0959750342381516,-1.152631165509546,0
-1.286107654701457,-1.449989016407681,1.7624383807382296,-2.4746915229767446,2
2.75637367970766,-2.261713855922616,1.3044712120322597,-0.6485174562588429,2
1.639163590801446,-4.702272786700904,4.052666802494831,-1.709749265040125,2
-2.3588481590417962,-2.1837410742018157,-2.4862684256086127,-1.4877274739953625,0
1.6048738734520844,-3.19726233531067,0.30225132532751253,-3.029587840987269,1
0.5641097867197757,-3.935887008593503,3.3450923704767703,-1.6742027115504745,2
3.012856097359765,-3.464956996509635,3.1955342363811097,-1.8706465757737374,2
-2.9881340322349805,-1.6796127680341695,-1.080074025461954,-1.431975194629306,0
-1.847301455504407,-0.9201156024151613,-0.900412802420913,-2.254263746920441,0
1.6076752726294812,-2.955738459568354,2.86871015709604,-2.1954756596477196,2
3.2238358545265378,-2.5108324555788877,-1.0436225818814453,-1.712437800410428,1
-3.991175326275805,-3.7062090256153026,-2.7939443023286663,-0.4348364932561828,0
3.6010463756424715,-1.1540143359991033,1.1763511656236454,-1.595142559744525,2
3.3110427019051984,-1.3257041643615461,-3.7046777458781532,-0.2951532253425775,1
3.9926872051236124,-2.6005221270809917,1.4448918998640559,-0.48368695575407106,2
-1.7598336820288747,-2.126837275565818,-2.5173459866398096,-2.0032384326077066,0
-1.7454643678066113,-1.2997372189850276,-1.28430554563626,-2.295995240349341,0
2.1714563792607304,-1.849286700558043,-3.4226775609922186,-1.7639899232334493,1
0.8338989592720194,-1.7333392312030573,3.007070167115918,-3.9794704456441403,2
-5.218086515081469,-5.0358785766310055,-3.6488074642137853,0.5496361591529393,0
1.8116435384497687,-1.627766155314248,-2.786468023338867,-1.6864832809411534,1
1.11082301418602,-0.8682498748245264,-2.1871249825680144,-1.0065655696337434,1
1.6520540097065495,-2.772767083261932,-1.197855150761744,-3.110773812724353,0
3.348299338496338,-1.8977066591055327,-3.7278787569111937,-1.6736418002472706,1
1.7501250648679954,-1.7888275287593807,-1.0747572380535428,-1.6204016641506258,1
0.9633062289767123,0.9572088469819198,-1.3437326228338904,-0.7157242751408781,2
0.6789826246681288,-2.4266319488318273,1.5669772695134787,-0.9482288338007547,2
-0.27284588112387875,-0.36110746611818834,-1.4845632706173002,-3.1664016023015615,0
1.9966916945129622,-2.7214956912997135,-3.067061889570918,-3.1087488857943857,1
2.4559422174990457,-1.9713070145109892,1.4851099519183082,-1.2540695664509434,2
-3.050129607817361,-1.982097404698768,-2.8257640232090564,-0.5889456637629646,0
-0.7934525221673698,-0.14655451062567648,-1.722105412879351,-2.472818484512876,0
4.354379765616354,-2.565436762146404,-2.2554971291979338,-0.9774778548171106,1
-0.15142563979671686,0.13565199076603784,-1.1826920901818587,-3.2552994348033226,0
-4.1850711588631295,-3.0990000778502322,-1.6695491173314663,-0.6318595044643172,0
0.6270480140579993,0.5843759212929633,-0.053251106262814485,-2.1637255681924783,2
-2.5334052958410513,-1.5848119626345503,-1.8498167477988694,-1.411150376303467,0
1.8593014772496947,-2.463559144611562,1.8028072735810237,-1.0773596799011935,2
0.9513436638135679,-1.7550297833291912,-1.2267841383792448,-2.2632632448065473,1
